Comprehensive_Index,Spider_ID,Condition,Date,File_Prefix,Period_hours,Period_Amplitude,Period_p_value,Period_Quality,Period_Analysis_Success,Period_Analysis_Notes,Mean_Activity,Total_Crossings,Valid_Minutes
StA_sga3_LD,sga3,LD,04032024,StA,23.71989973316083,12.776909699864532,0.21092543623303353,Marginally Significant,True,Success,0.08529668411867365,782,9168
StA_sga4_LD,sga4,LD,04032024,StA,24.61146069301116,24.42212641782596,2.869315530465912e-06,Highly Significant,True,Success,0.11038394415357766,1012,9168
StA_sga5_LD,sga5,LD,04032024,StA,23.71989973316083,232.14386739495853,5.4244710190855856e-96,Highly Significant,True,Success,0.2469458987783595,2264,9168
StA_sga7_LD,sga7,LD,04032024,StA,25.4307758994365,6.031428848832129,1.0,Marginally Significant,True,Success,0.03763089005235602,345,9168
StA_sga9_LD,sga9,LD,04032024,StA,30.30726314701932,45.960374937829336,1.7423503161823476e-15,Highly Significant,True,Success,0.16328534031413613,1497,9168
StA_sga10_LD,sga10,LD,04032024,StA,24.878636247985753,14.384019340035652,0.049139123194259504,Significant,True,Success,0.09456806282722513,867,9168
StA_sga11_LD,sga11,LD,04032024,StA,23.597779744187918,206.33257650413665,8.288271420880804e-85,Highly Significant,True,Success,0.28763089005235604,2637,9168
StA_sga12_LD,sga12,LD,04032024,StA,23.843290254409492,352.6810604058494,2.995931205302303e-148,Highly Significant,True,Success,0.37532722513089006,3441,9168
StA_sga13_LD,sga13,LD,04032024,StA,24.221286433820495,48.7686713369886,1.082396674815116e-16,Highly Significant,True,Success,0.21051483420593367,1930,9168
StA_sga14_LD,sga14,LD,04032024,StA,16.898669278184226,16.5491897950819,0.006181637069059644,Very Significant,True,Success,0.11507417102966841,1055,9168
StA_sga15_LD,sga15,LD,04032024,StA,25.290456073799465,5.847213012739635,1.0,Marginally Significant,True,Success,0.05922774869109947,543,9168
StA_sga16_LD,sga16,LD,04032024,StA,23.843290254409492,15.26704973244154,0.021237917986014175,Significant,True,Success,0.13110820244328097,1202,9168
StA_sga17_LD,sga17,LD,04032024,StA,23.71989973316083,340.94580178479873,3.6790993941039064e-143,Highly Significant,True,Success,0.29799301919720766,2732,9168
StA_sga18_LD,sga18,LD,04032024,StA,23.967971239480352,89.63679938285672,2.616712242984204e-34,Highly Significant,True,Success,0.19524432809773123,1790,9168
StA_sga19_LD,sga19,LD,04032024,StA,24.61146069301116,116.9078256328344,4.283296398419279e-46,Highly Significant,True,Success,0.20898778359511344,1916,9168
StA_sga21_LD,sga21,LD,04032024,StA,25.014411187857082,11.574268226510332,0.5279012948091009,Marginally Significant,True,Success,0.07471640488656195,685,9168
StA_sga22_LD,sga22,LD,04032024,StA,20.6246220909794,237.36793893156118,2.9539582996156545e-98,Highly Significant,True,Success,0.3156631762652705,2894,9168
StA_sga25_LD,sga25,LD,04032024,StA,16.653079761566847,19.041458647233775,0.0005500632716416595,Highly Significant,True,Success,0.16034031413612565,1470,9168
StA_sga3_DD,sga3,DD,01182024,StA,20.5977619756353,30.548646078923035,8.927886898277824e-09,Highly Significant,True,Success,0.09162527830107896,1070,11678
StA_sga4_DD,sga4,DD,01182024,StA,26.012112774103723,28.330965522877452,7.897868492373504e-08,Highly Significant,True,Success,0.08494605240623394,992,11678
StA_sga7_DD,sga7,DD,01182024,StA,25.66902521123858,3.3354405184749876,1.0,Marginally Significant,True,Success,0.01892447336872752,221,11678
StA_sga9_DD,sga9,DD,01182024,StA,22.677914668932452,17.87334984362029,0.0021811906408654483,Very Significant,True,Success,0.07501284466518239,876,11678
StA_sga10_DD,sga10,DD,01182024,StA,25.22541011273881,6.591163367974394,1.0,Marginally Significant,True,Success,0.05566021579037506,650,11678
StA_sga11_DD,sga11,DD,01182024,StA,24.796867741721414,93.70005848253204,5.858839079589071e-36,Highly Significant,True,Success,0.26913855112176743,3143,11678
StA_sga12_DD,sga12,DD,01182024,StA,24.796867741721414,854.9387923334338,0.0,Highly Significant,True,Success,0.6141462579208768,7172,11678
StA_sga13_DD,sga13,DD,01182024,StA,16.10828986506876,65.35298405897254,1.0012733259899297e-23,Highly Significant,True,Success,0.11799965747559514,1378,11678
StA_sga14_DD,sga14,DD,01182024,StA,22.416701661767355,31.15243763082002,4.929187630561453e-09,Highly Significant,True,Success,0.10215790375064224,1193,11678
StA_sga15_DD,sga15,DD,01182024,StA,25.556665070788593,94.15345469729289,3.732091569060686e-36,Highly Significant,True,Success,0.09659188217160472,1128,11678
StA_sga16_DD,sga16,DD,01182024,StA,26.012112774103723,14.303141934968263,0.06703807425439677,Marginally Significant,True,Success,0.057115944511046415,667,11678
StA_sga17_DD,sga17,DD,01182024,StA,20.3111376854922,49.07500445359908,1.0180921885526178e-16,Highly Significant,True,Success,0.24147970542901182,2820,11678
StA_sga18_DD,sga18,DD,01182024,StA,16.33361017615946,70.34258687461191,7.072485545829201e-26,Highly Significant,True,Success,0.18222298338756637,2128,11678
StA_sga19_DD,sga19,DD,01182024,StA,25.009303259487314,114.9291664282282,3.912660670073676e-45,Highly Significant,True,Success,0.36324713135810927,4242,11678
StA_sga21_DD,sga21,DD,01182024,StA,24.691997621092977,178.4925285617885,1.2101783625966635e-72,Highly Significant,True,Success,0.20303134098304504,2371,11678
StA_sga22_DD,sga22,DD,01182024,StA,23.786619135527406,41.57275611021731,1.6980347627634312e-13,Highly Significant,True,Success,0.10575441000171262,1235,11678
StA_sga25_DD,sga25,DD,01182024,StA,24.588010791603605,538.8889988836174,6.376615076483145e-229,Highly Significant,True,Success,0.3539989724267854,4134,11678
StA_sga3_LL,sga3,LL,12272023,StA,17.18014472514917,14.54932569033122,0.05771274929446785,Marginally Significant,True,Success,0.05942622950819672,754,12688
StA_sga4_LL,sga4,LL,12272023,StA,29.61009408504121,78.97624654808986,1.449388324014613e-29,Highly Significant,True,Success,0.12192622950819672,1547,12688
StA_sga5_LL,sga5,LL,12272023,StA,17.609368900455433,4.2016796756296495,1.0,Marginally Significant,True,Success,0.05304224464060529,673,12688
StA_sga6_LL,sga6,LL,12272023,StA,32.0,2.046037061242056,1.0,Marginally Significant,True,Success,0.028294451450189155,359,12688
StA_sga7_LL,sga7,LL,12272023,StA,20.782390581008446,14.913057167923508,0.040969376829104905,Significant,True,Success,0.06525851197982345,828,12688
StA_sga8_LL,sga8,LL,12272023,StA,21.559343635494663,12.427979073218143,0.3676653137574608,Marginally Significant,True,Success,0.04728877679697352,600,12688
StA_sga9_LL,sga9,LL,12272023,StA,24.756631501920847,0.8441879252343699,1.0,Marginally Significant,True,Success,0.01182219419924338,150,12688
StA_sga10_LL,sga10,LL,12272023,StA,19.385188368428594,22.02585722639275,4.141284820826978e-05,Highly Significant,True,Success,0.05241172761664565,665,12688
StA_sga11_LL,sga11,LL,12272023,StA,16.009464095587365,34.12021151272058,2.881851856105107e-10,Highly Significant,True,Success,0.10710907944514501,1359,12688
StA_sga12_LL,sga12,LL,12272023,StA,21.856473755047105,39.975159715386944,8.939001860879046e-13,Highly Significant,True,Success,0.16385561160151324,2079,12688
StA_sga13_LL,sga13,LL,12272023,StA,16.950607490292683,23.84935544534999,6.9579158230613525e-06,Highly Significant,True,Success,0.09528688524590163,1209,12688
StA_sga14_LL,sga14,LL,12272023,StA,20.059489105192945,24.67445082547761,3.1012088566502994e-06,Highly Significant,True,Success,0.0605296343001261,768,12688
StA_sga15_LL,sga15,LL,12272023,StA,17.368299465240643,1.2597799596375496,1.0,Marginally Significant,True,Success,0.026560529634300126,337,12688
StA_sga16_LL,sga16,LL,12272023,StA,17.51214251822456,10.567746462140416,0.9338341866668555,Marginally Significant,True,Success,0.03798865069356873,482,12688
StA_sga17_LL,sga17,LL,12272023,StA,19.093448713728073,48.17291815874622,2.7011826850342925e-16,Highly Significant,True,Success,0.19782471626733922,2510,12688
StA_sga18_LL,sga18,LL,12272023,StA,32.0,17.322150929844344,0.004044760891021846,Very Significant,True,Success,0.09646910466582598,1224,12688
StA_sga19_LL,sga19,LL,12272023,StA,16.214066056951157,5.004854122541164,1.0,Marginally Significant,True,Success,0.052884615384615384,671,12688
StA_sga21_LL,sga21,LL,12272023,StA,32.0,5.118073983142346,1.0,Marginally Significant,True,Success,0.03546658259773014,450,12688
StA_sga22_LL,sga22,LL,12272023,StA,16.727122903877056,10.91688802386676,0.8572513648183957,Marginally Significant,True,Success,0.09110970996216898,1156,12688
StA_sga23_LL,sga23,LL,12272023,StA,21.706891942469124,174.17710437895988,9.72129957517245e-71,Highly Significant,True,Success,0.19916456494325346,2527,12688
StA_sga24_LL,sga24,LL,12272023,StA,18.112157037697973,4.3542598903160785,1.0,Marginally Significant,True,Success,0.09639029003783102,1223,12688
StA_sga25_LL,sga25,LL,12272023,StA,29.33622371558638,151.2767624550665,7.991110011528035e-61,Highly Significant,True,Success,0.12752206809583858,1618,12688
StB_sgb1_LD,sgb1,LD,09232024,StB,24.406779661016948,220.127720267801,8.234799855016106e-91,Highly Significant,True,Success,0.2009026733017012,1736,8641
StB_sgb2_LD,sgb2,LD,09232024,StB,19.37219730941704,9.801023024780056,0.978382438988657,Marginally Significant,True,Success,0.08043050572850365,695,8641
StB_sgb3_LD,sgb3,LD,09232024,StB,21.81818181818182,11.34955187321273,0.5839846713056116,Marginally Significant,True,Success,0.08390232611966207,725,8641
StB_sgb4_LD,sgb4,LD,09232024,StB,19.816513761467892,2.1866300482803416,1.0,Marginally Significant,True,Success,0.037611387570883,325,8641
StB_sgb5_LD,sgb5,LD,09232024,StB,24.0,29.94629578698668,1.1946280580491691e-08,Highly Significant,True,Success,0.06365004050457124,550,8641
StB_sgb6_LD,sgb6,LD,09232024,StB,17.704918032786885,295.0582416379275,2.7375207368492902e-123,Highly Significant,True,Success,0.23226478416849902,2007,8641
StB_sgb11_LD,sgb11,LD,09232024,StB,24.406779661016948,15.7970312810098,0.012041201398641723,Significant,True,Success,0.07337113759981484,634,8641
StB_sgb12_LD,sgb12,LD,09232024,StB,24.406779661016948,38.82853613286608,1.8885490147510132e-12,Highly Significant,True,Success,0.09235042240481425,798,8641
StB_sgb13_LD,sgb13,LD,09232024,StB,23.54903839068602,18.881346721425214,0.0007002904210204284,Highly Significant,True,Success,0.07669203043652383,766,9988
StB_sgb17_LD,sgb17,LD,09232024,StB,21.801214271096256,1.9685682183992017,1.0,Marginally Significant,True,Success,0.02052462955546656,205,9988
StB_sgb20_LD,sgb20,LD,09232024,StB,18.769248840077523,40.98182040489887,2.6037207914708325e-13,Highly Significant,True,Success,0.10312374849819783,1030,9988
StB_sgb22_LD,sgb22,LD,09232024,StB,28.204395022504634,36.523746930010645,2.1217944938195167e-11,Highly Significant,True,Success,0.1289547456948338,1288,9988
StB_sgb23_LD,sgb23,LD,09232024,StB,20.802187072837334,2.171367339758777,1.0,Marginally Significant,True,Success,0.02643171806167401,264,9988
StB_sgb1_DD,sgb1,DD,01082024,StB,20.796203532823622,0.17610450506484143,1.0,Marginally Significant,True,Success,0.009126863401277762,90,9861
StB_sgb2_DD,sgb2,DD,01082024,StB,26.63964876730834,1.8965493681759384,1.0,Marginally Significant,True,Success,0.032349660277862284,319,9861
StB_sgb3_DD,sgb3,DD,01082024,StB,25.803074910042525,3.690257395084975,1.0,Marginally Significant,True,Success,0.040868066119054865,403,9861
StB_sgb4_DD,sgb4,DD,01082024,StB,24.519738887161953,0.4230538030404393,1.0,Marginally Significant,True,Success,0.013994523881959233,138,9861
StB_sgb5_DD,sgb5,DD,01082024,StB,24.041450777202073,45.21281424738021,3.9253366501598e-15,Highly Significant,True,Success,0.30138931142886116,2972,9861
StB_sgb6_DD,sgb6,DD,01082024,StB,32.0,32.22138307768323,1.4535352533149e-09,Highly Significant,True,Success,0.15951729033566575,1573,9861
StB_sgb11_DD,sgb11,DD,01082024,StB,26.07603305785124,5.871188473041449,1.0,Marginally Significant,True,Success,0.05567386674779434,549,9861
StB_sgb12_DD,sgb12,DD,01082024,StB,24.398391586761523,2.8924243102865725,1.0,Marginally Significant,True,Success,0.047358280093296824,467,9861
StB_sgb13_DD,sgb13,DD,01082024,StB,26.07603305785124,101.87526206230771,1.4524167101432508e-39,Highly Significant,True,Success,0.20079099482811075,1980,9861
StB_sgb14_DD,sgb14,DD,01082024,StB,18.39123338773607,182.00091279667262,3.090048159649077e-74,Highly Significant,True,Success,0.4716560186593652,4651,9861
StB_sgb15_DD,sgb15,DD,01082024,StB,24.041450777202073,47.069218065477855,6.257324036341685e-16,Highly Significant,True,Success,0.3825169861068857,3772,9861
StB_sgb17_DD,sgb17,DD,01082024,StB,20.973145440042543,68.9464250352061,2.3885004506220856e-25,Highly Significant,True,Success,0.5597809552783694,5520,9861
StB_sgb18_DD,sgb18,DD,01082024,StB,25.535772094528973,3.7995377820398377,1.0,Marginally Significant,True,Success,0.052124530980630766,514,9861
StB_sgb19_DD,sgb19,DD,01082024,StB,25.0174437044085,1140.5577485735398,0.0,Highly Significant,True,Success,0.6716357367406957,6623,9861
StB_sgb20_DD,sgb20,DD,01082024,StB,24.64229928147454,155.84408659267476,6.546949883517403e-63,Highly Significant,True,Success,0.2081938951424805,2053,9861
StB_sgb21_DD,sgb21,DD,01082024,StB,24.15926493108729,0.28858665129773403,1.0,Marginally Significant,True,Success,0.046242774566473986,456,9861
StB_sgb22_DD,sgb22,DD,01082024,StB,29.5099139543584,24.807058268793565,2.116612855189673e-06,Highly Significant,True,Success,0.1864922421661089,1839,9861
StB_sgb23_DD,sgb23,DD,01082024,StB,25.273950656840757,19.456431274596593,0.0003949556172303878,Highly Significant,True,Success,0.14927492140756515,1472,9861
StB_sgb1_LL,sgb1,LL,08162024,StB,22.978950788894107,90.94672630712931,1.5429189400301027e-34,Highly Significant,True,Success,0.15213675213675212,3026,19890
StB_sgb2_LL,sgb2,LL,08162024,StB,24.26875119161106,27.170623668618752,4.203484813067698e-07,Highly Significant,True,Success,0.10553041729512318,2099,19890
StB_sgb3_LL,sgb3,LL,08162024,StB,29.355103546884372,198.95250171243976,2.8314683727976267e-81,Highly Significant,True,Success,0.21005530417295123,4178,19890
StB_sgb4_LL,sgb4,LL,08162024,StB,24.1508746632262,4.326634112363487,1.0,Marginally Significant,True,Success,0.05394670688788336,1073,19890
StB_sgb5_LL,sgb5,LL,08162024,StB,19.393850748087882,2.42253236920206,1.0,Marginally Significant,True,Success,0.03011563599798894,599,19890
StB_sgb8_LL,sgb8,LL,08162024,StB,17.51514984726312,651.0418056135062,2.341807372443139e-277,Highly Significant,True,Success,0.5447963800904977,10836,19890
StB_sgb12_LL,sgb12,LL,08162024,StB,24.507990296122298,7.707549096915462,1.0,Marginally Significant,True,Success,0.07073906485671191,1407,19890
StB_sgb14_LL,sgb14,LL,08162024,StB,,,,Not Rhythmic,False,Invalid period,0.12699849170437405,2526,19890
StB_sgb17_LL,sgb17,LL,08162024,StB,25.645646129669178,0.30887101968885766,1.0,Marginally Significant,True,Success,0.009552538964303671,190,19890
StB_sgb18_LL,sgb18,LL,08162024,StB,23.03217167878985,40.736142938903626,6.608749033716234e-13,Highly Significant,True,Success,0.10100553041729513,2009,19890
StB_sgb21_LL,sgb21,LL,08162024,StB,27.87404195681689,2055.82355266726,0.0,Highly Significant,True,Success,0.8160382101558572,16231,19890
StB_sgb22_LL,sgb22,LL,08162024,StB,20.38786558605888,12.77749442938352,0.401672905622736,Marginally Significant,True,Success,0.08989441930618401,1788,19890
StB_sgb23_LL,sgb23,LL,08162024,StB,28.844232948107862,11.878335848174114,0.7038861711810669,Marginally Significant,True,Success,0.03750628456510809,746,19890
