species,condition,hour,mean_activity,sem,p_value,significant_bonferroni,n_spiders,bonferroni_threshold
Larinioides,DD,0,0.04580952761382782,0.0162200649672962,1.0,False,30,0.0020833333333333333
Larinioides,DD,1,0.04050185642104985,0.014293078088964715,1.0,False,30,0.0020833333333333333
Larinioides,DD,2,0.04898284855240101,0.013841797829235714,1.0,False,30,0.0020833333333333333
Larinioides,DD,3,0.05912266260995682,0.01686124012543384,1.0,False,30,0.0020833333333333333
Larinioides,DD,4,0.08467255758960027,0.026738670798579688,1.0,False,30,0.0020833333333333333
Larinioides,DD,5,0.08192073621800011,0.02407652105053344,1.0,False,30,0.0020833333333333333
Larinioides,DD,6,0.12221784572974696,0.034718522090685384,1.0,False,30,0.0020833333333333333
Larinioides,DD,7,0.1257306329032359,0.03139876737059535,1.0,False,30,0.0020833333333333333
Larinioides,DD,8,0.19061797028709723,0.04650813801167162,1.0,False,30,0.0020833333333333333
Larinioides,DD,9,0.3541206500666022,0.07182226124973144,0.18845889608480887,False,30,0.0020833333333333333
Larinioides,DD,10,0.5715912164366077,0.07898793164725249,8.658760735711492e-05,True,30,0.0020833333333333333
Larinioides,DD,11,0.887991369620531,0.16809997230376245,8.696292423500655e-05,True,30,0.0020833333333333333
Larinioides,DD,12,1.3057291319906714,0.18681695376727786,1.7188467918501077e-07,True,30,0.0020833333333333333
Larinioides,DD,13,0.6826650115520762,0.12406186653459918,0.00010379376021766157,True,30,0.0020833333333333333
Larinioides,DD,14,0.50092737055331,0.06837179723472578,5.260274732739549e-05,True,30,0.0020833333333333333
Larinioides,DD,15,0.3766065285372352,0.05914622304620518,0.05008976022892687,False,30,0.0020833333333333333
Larinioides,DD,16,0.47253482619094583,0.11081821945454257,0.028897752404816394,False,30,0.0020833333333333333
Larinioides,DD,17,0.2810869147092756,0.07094536094649088,1.0,False,30,0.0020833333333333333
Larinioides,DD,18,0.3384032850846663,0.09109345075026874,0.27492206917186846,False,30,0.0020833333333333333
Larinioides,DD,19,0.18005597051105485,0.05807828802913119,1.0,False,30,0.0020833333333333333
Larinioides,DD,20,0.15084096897290686,0.057771544774407144,1.0,False,30,0.0020833333333333333
Larinioides,DD,21,0.11393248790648737,0.043538671463743794,1.0,False,30,0.0020833333333333333
Larinioides,DD,22,0.029426110943000617,0.008766892470704047,1.0,False,30,0.0020833333333333333
Larinioides,DD,23,0.03600147768108037,0.01333105920394286,1.0,False,30,0.0020833333333333333
Larinioides,LD,0,0.17189894636015324,0.030837466129523906,1.0,False,29,0.0020833333333333333
Larinioides,LD,1,0.25590277777777776,0.08174787061940253,0.17254650730450954,False,29,0.0020833333333333333
Larinioides,LD,2,0.1888050766283525,0.06942886185832263,0.43404190209272364,False,29,0.0020833333333333333
Larinioides,LD,3,0.11305076628352491,0.03553375042069878,1.0,False,29,0.0020833333333333333
Larinioides,LD,4,0.11621168582375481,0.03709506948261985,1.0,False,29,0.0020833333333333333
Larinioides,LD,5,0.09250478927203064,0.029267067135531802,1.0,False,29,0.0020833333333333333
Larinioides,LD,6,0.1049449233716475,0.03423703005670949,1.0,False,29,0.0020833333333333333
Larinioides,LD,7,0.07359913793103448,0.024327534014009333,1.0,False,29,0.0020833333333333333
Larinioides,LD,8,0.07176724137931036,0.02650576301853783,1.0,False,29,0.0020833333333333333
Larinioides,LD,9,0.048754789272030655,0.01588985707932704,1.0,False,29,0.0020833333333333333
Larinioides,LD,10,0.03510536398467433,0.009500673392924324,1.0,False,29,0.0020833333333333333
Larinioides,LD,11,0.04747365900383141,0.013055434282778736,1.0,False,29,0.0020833333333333333
Larinioides,LD,12,0.43819444444444444,0.07778997717083233,0.000698632571951746,True,29,0.0020833333333333333
Larinioides,LD,13,0.5490301724137931,0.08978701276653357,4.360354585955558e-05,True,29,0.0020833333333333333
Larinioides,LD,14,0.36963601532567053,0.0772829833300751,0.004886840709206577,False,29,0.0020833333333333333
Larinioides,LD,15,0.2638170498084291,0.04439085145838129,0.014212098824934438,False,29,0.0020833333333333333
Larinioides,LD,16,0.21373323754789267,0.04527668455016878,0.17316023444002648,False,29,0.0020833333333333333
Larinioides,LD,17,0.2393079501915709,0.04350489621700058,0.04376444726984065,False,29,0.0020833333333333333
Larinioides,LD,18,0.22874760536398467,0.0462827622776178,0.09610765344178329,False,29,0.0020833333333333333
Larinioides,LD,19,0.2085518538363079,0.04191211908617261,0.18796582239391052,False,29,0.0020833333333333333
Larinioides,LD,20,0.16078544061302685,0.03636525623456724,1.0,False,29,0.0020833333333333333
Larinioides,LD,21,0.15012452107279697,0.04247503923518569,1.0,False,29,0.0020833333333333333
Larinioides,LD,22,0.07123563218390805,0.020937568043437868,1.0,False,29,0.0020833333333333333
Larinioides,LD,23,0.04508620689655172,0.015430452641277346,1.0,False,29,0.0020833333333333333
Agelenopsis,DD,0,0.35724382838115676,0.04873212040709403,1.0,False,22,0.0020833333333333333
Agelenopsis,DD,1,0.3575226134890466,0.04255144237985418,1.0,False,22,0.0020833333333333333
Agelenopsis,DD,2,0.3659178442955081,0.056049445440769376,1.0,False,22,0.0020833333333333333
Agelenopsis,DD,3,0.3069951139128726,0.055935380855387906,1.0,False,22,0.0020833333333333333
Agelenopsis,DD,4,0.4012795195639756,0.05617698363122947,1.0,False,22,0.0020833333333333333
Agelenopsis,DD,5,0.42693621155954325,0.05136503532663195,1.0,False,22,0.0020833333333333333
Agelenopsis,DD,6,0.45777619216775683,0.07490090664795766,1.0,False,22,0.0020833333333333333
Agelenopsis,DD,7,0.4053653842860754,0.06425709959729566,1.0,False,22,0.0020833333333333333
Agelenopsis,DD,8,0.37146799806244224,0.07244803196252435,1.0,False,22,0.0020833333333333333
Agelenopsis,DD,9,0.426021200516959,0.08531168456496616,1.0,False,22,0.0020833333333333333
Agelenopsis,DD,10,0.4369917140982213,0.06363301838050034,1.0,False,22,0.0020833333333333333
Agelenopsis,DD,11,0.5572655237519805,0.055340781101839875,0.07236919023646528,False,22,0.0020833333333333333
Agelenopsis,DD,12,1.4223299307338486,0.10743497963423297,3.7683399807104853e-10,True,22,0.0020833333333333333
Agelenopsis,DD,13,0.7294471604083369,0.09161054850045533,0.0016372572412488883,True,22,0.0020833333333333333
Agelenopsis,DD,14,0.530216884202258,0.08456859313847329,0.21289836252541966,False,22,0.0020833333333333333
Agelenopsis,DD,15,0.754532374630589,0.12031851509832249,0.006565593244616693,False,22,0.0020833333333333333
Agelenopsis,DD,16,0.39932929413201335,0.054129450466673466,1.0,False,22,0.0020833333333333333
Agelenopsis,DD,17,0.5164571394361658,0.0676167717984412,0.2383070733122304,False,22,0.0020833333333333333
Agelenopsis,DD,18,0.37531970962784467,0.05769007285832493,1.0,False,22,0.0020833333333333333
Agelenopsis,DD,19,0.4617338636484656,0.0845131703017472,1.0,False,22,0.0020833333333333333
Agelenopsis,DD,20,0.3544542147209289,0.048842468804575524,1.0,False,22,0.0020833333333333333
Agelenopsis,DD,21,0.30657334887518,0.037231820418170435,1.0,False,22,0.0020833333333333333
Agelenopsis,DD,22,0.30153980909599104,0.03389801607784197,1.0,False,22,0.0020833333333333333
Agelenopsis,DD,23,0.3540904495436579,0.05099899933736838,1.0,False,22,0.0020833333333333333
Agelenopsis,LD,0,0.4877136752136752,0.12001925623800189,0.16076737182890366,False,26,0.0020833333333333333
Agelenopsis,LD,1,0.19887820512820514,0.023112253838290464,1.0,False,26,0.0020833333333333333
Agelenopsis,LD,2,0.23530982905982906,0.05053131598603862,1.0,False,26,0.0020833333333333333
Agelenopsis,LD,3,0.31100427350427345,0.09637638540164883,1.0,False,26,0.0020833333333333333
Agelenopsis,LD,4,0.27526709401709404,0.055752163817766445,1.0,False,26,0.0020833333333333333
Agelenopsis,LD,5,0.18696581196581194,0.042719120965641864,1.0,False,26,0.0020833333333333333
Agelenopsis,LD,6,0.27510683760683763,0.07513559770810503,1.0,False,26,0.0020833333333333333
Agelenopsis,LD,7,0.24022435897435898,0.060083309168629175,1.0,False,26,0.0020833333333333333
Agelenopsis,LD,8,0.2325854700854701,0.04421483362134309,1.0,False,26,0.0020833333333333333
Agelenopsis,LD,9,0.18872863247863247,0.03707101310459911,1.0,False,26,0.0020833333333333333
Agelenopsis,LD,10,0.18466880341880343,0.03602582637510491,1.0,False,26,0.0020833333333333333
Agelenopsis,LD,11,0.23392094017094014,0.05928052590759525,1.0,False,26,0.0020833333333333333
Agelenopsis,LD,12,0.8677576838172866,0.15281552915187835,0.0008043283101930754,True,26,0.0020833333333333333
Agelenopsis,LD,13,0.6707692307692307,0.10819769758853333,0.001529667513912117,True,26,0.0020833333333333333
Agelenopsis,LD,14,0.44559829059829065,0.07348266279413884,0.11705269432354626,False,26,0.0020833333333333333
Agelenopsis,LD,15,0.42435897435897435,0.06193005039391363,0.10064868271225504,False,26,0.0020833333333333333
Agelenopsis,LD,16,0.47555555555555556,0.09043545598881578,0.08297230088973091,False,26,0.0020833333333333333
Agelenopsis,LD,17,0.3851282051282051,0.06795697417990887,0.38140117019278535,False,26,0.0020833333333333333
Agelenopsis,LD,18,0.3762393162393163,0.06386940845850851,0.43218322842598483,False,26,0.0020833333333333333
Agelenopsis,LD,19,0.4995299145299145,0.06885632461864569,0.02146355945021576,False,26,0.0020833333333333333
Agelenopsis,LD,20,0.40824786324786316,0.05492507797195857,0.22412884395074784,False,26,0.0020833333333333333
Agelenopsis,LD,21,0.36641025641025643,0.07919891669264749,0.4997426371536714,False,26,0.0020833333333333333
Agelenopsis,LD,22,0.40888888888888886,0.13037411287039555,0.3619947589423659,False,26,0.0020833333333333333
Agelenopsis,LD,23,0.41367521367521365,0.08986244144604018,0.27158673403115974,False,26,0.0020833333333333333
Agelenopsis,LL,0,0.1879751297718284,0.045882364470975136,1.0,False,9,0.0020833333333333333
Agelenopsis,LL,1,0.20218497878032388,0.038721047925464235,1.0,False,9,0.0020833333333333333
Agelenopsis,LL,2,0.20944504912561007,0.08023710576562397,1.0,False,9,0.0020833333333333333
Agelenopsis,LL,3,0.2599721109197643,0.07253775765469671,0.4472107382708649,False,9,0.0020833333333333333
Agelenopsis,LL,4,0.18242273840509102,0.05291342726377216,1.0,False,9,0.0020833333333333333
Agelenopsis,LL,5,0.15330959306833494,0.024740213843727116,1.0,False,9,0.0020833333333333333
Agelenopsis,LL,6,0.27304507354014323,0.08304062711216166,0.3747788937000128,False,9,0.0020833333333333333
Agelenopsis,LL,7,0.14509126328212968,0.014487266240301354,1.0,False,9,0.0020833333333333333
Agelenopsis,LL,8,0.19170714362324623,0.037366041942763654,1.0,False,9,0.0020833333333333333
Agelenopsis,LL,9,0.12989245515422437,0.03534582533881903,1.0,False,9,0.0020833333333333333
Agelenopsis,LL,10,0.20324250694225338,0.026810300703326115,1.0,False,9,0.0020833333333333333
Agelenopsis,LL,11,0.267389026550419,0.0771123130398298,0.42327241430366747,False,9,0.0020833333333333333
Agelenopsis,LL,12,0.9260861090189292,0.15946424250756763,0.0010022699963124564,True,9,0.0020833333333333333
Agelenopsis,LL,13,0.4121039334828552,0.09853200562807206,0.04797990750220821,False,9,0.0020833333333333333
Agelenopsis,LL,14,0.22465138992942046,0.07978214534971273,1.0,False,9,0.0020833333333333333
Agelenopsis,LL,15,0.306211749846794,0.07806759596561601,0.16528972505231224,False,9,0.0020833333333333333
Agelenopsis,LL,16,0.19638922169107673,0.05355450013619017,1.0,False,9,0.0020833333333333333
Agelenopsis,LL,17,0.22457280752593534,0.055628602367623174,1.0,False,9,0.0020833333333333333
Agelenopsis,LL,18,0.21591003972442518,0.05296227978098018,1.0,False,9,0.0020833333333333333
Agelenopsis,LL,19,0.21785311969625695,0.06247083781515253,1.0,False,9,0.0020833333333333333
Agelenopsis,LL,20,0.36470088705703707,0.12830052538634787,0.14576701297130673,False,9,0.0020833333333333333
Agelenopsis,LL,21,0.2089045393837034,0.07381042425670613,1.0,False,9,0.0020833333333333333
Agelenopsis,LL,22,0.20301090874972327,0.07018733638802811,1.0,False,9,0.0020833333333333333
Agelenopsis,LL,23,0.14218614449181832,0.032653966100388856,1.0,False,9,0.0020833333333333333
Steatoda,DD,0,0.16574034324020342,0.04614278592200378,1.0,False,24,0.0020833333333333333
Steatoda,DD,1,0.1052545722268406,0.04862344424164671,1.0,False,24,0.0020833333333333333
Steatoda,DD,2,0.13536905770176336,0.04306061309892254,1.0,False,24,0.0020833333333333333
Steatoda,DD,3,0.10085774892539623,0.049559256023288985,1.0,False,24,0.0020833333333333333
Steatoda,DD,4,0.13424668014311256,0.05689677580960654,1.0,False,24,0.0020833333333333333
Steatoda,DD,5,0.1963668801853938,0.05169538264849723,1.0,False,24,0.0020833333333333333
Steatoda,DD,6,0.19168040954556767,0.06270043627398292,1.0,False,24,0.0020833333333333333
Steatoda,DD,7,0.17381398449514526,0.05468114289195952,1.0,False,24,0.0020833333333333333
Steatoda,DD,8,0.15754215397901075,0.03363364187436659,1.0,False,24,0.0020833333333333333
Steatoda,DD,9,0.26902138313965934,0.060259905843313234,0.45108584718247885,False,24,0.0020833333333333333
Steatoda,DD,10,0.2358588248861665,0.0675495925568067,1.0,False,24,0.0020833333333333333
Steatoda,DD,11,0.41327549091274873,0.07037410693996857,0.025111992845889507,False,24,0.0020833333333333333
Steatoda,DD,12,1.2109471313252604,0.1784538730675388,7.00176282521902e-07,True,24,0.0020833333333333333
Steatoda,DD,13,0.44708296538710557,0.12155159902954675,0.04297199836005527,False,24,0.0020833333333333333
Steatoda,DD,14,0.3601492675875046,0.11223886909414488,0.16452014696043393,False,24,0.0020833333333333333
Steatoda,DD,15,0.22002404204841708,0.08980929709535669,1.0,False,24,0.0020833333333333333
Steatoda,DD,16,0.22413309416067895,0.048591849948128756,1.0,False,24,0.0020833333333333333
Steatoda,DD,17,0.33317950081490694,0.06888819500089036,0.09411001235519752,False,24,0.0020833333333333333
Steatoda,DD,18,0.20316512026243352,0.09326521210897294,1.0,False,24,0.0020833333333333333
Steatoda,DD,19,0.16879008477183366,0.03426715995496711,1.0,False,24,0.0020833333333333333
Steatoda,DD,20,0.23614146582750625,0.0833632171596071,1.0,False,24,0.0020833333333333333
Steatoda,DD,21,0.1804980293188525,0.040996851836005085,1.0,False,24,0.0020833333333333333
Steatoda,DD,22,0.16478736053317397,0.036217133622873765,1.0,False,24,0.0020833333333333333
Steatoda,DD,23,0.24283318739045678,0.10057990619978933,1.0,False,24,0.0020833333333333333
Steatoda,LD,0,0.09611111111111109,0.02357147310846807,1.0,False,15,0.0020833333333333333
Steatoda,LD,1,0.043148148148148144,0.01786245266931481,1.0,False,15,0.0020833333333333333
Steatoda,LD,2,0.11722222222222221,0.046124177405441384,1.0,False,15,0.0020833333333333333
Steatoda,LD,3,0.22365079365079363,0.16454546198755096,0.30478038436937216,False,15,0.0020833333333333333
Steatoda,LD,4,0.17011111111111113,0.09934509535845897,0.3758526913220615,False,15,0.0020833333333333333
Steatoda,LD,5,0.018666666666666665,0.012204267716651665,1.0,False,15,0.0020833333333333333
Steatoda,LD,6,0.02281481481481482,0.008840055454739903,1.0,False,15,0.0020833333333333333
Steatoda,LD,7,0.02662962962962963,0.015084756299786438,1.0,False,15,0.0020833333333333333
Steatoda,LD,8,0.0558148148148148,0.020971823057042056,1.0,False,15,0.0020833333333333333
Steatoda,LD,9,0.12340740740740741,0.03816082904251211,1.0,False,15,0.0020833333333333333
Steatoda,LD,10,0.10844444444444444,0.03185501399339976,1.0,False,15,0.0020833333333333333
Steatoda,LD,11,0.0978148148148148,0.03147614956403691,1.0,False,15,0.0020833333333333333
Steatoda,LD,12,0.33929065489330396,0.0943064242952334,0.018457837783532924,False,15,0.0020833333333333333
Steatoda,LD,13,0.9777777777777777,0.27243050017397846,0.0026989785496698616,False,15,0.0020833333333333333
Steatoda,LD,14,0.20511111111111113,0.10174918153755642,0.26301156570946393,False,15,0.0020833333333333333
Steatoda,LD,15,0.17133333333333337,0.07968708644461628,0.3470592285534673,False,15,0.0020833333333333333
Steatoda,LD,16,0.1451111111111111,0.05682877528309375,0.46810606023357415,False,15,0.0020833333333333333
Steatoda,LD,17,0.060444444444444446,0.046339975162487564,1.0,False,15,0.0020833333333333333
Steatoda,LD,18,0.01685185185185185,0.006836390391726137,1.0,False,15,0.0020833333333333333
Steatoda,LD,19,0.07200000000000001,0.0504831681310738,1.0,False,15,0.0020833333333333333
Steatoda,LD,20,0.16555555555555554,0.07909050917762071,0.36781427349844703,False,15,0.0020833333333333333
Steatoda,LD,21,0.04318518518518519,0.017072955006997993,1.0,False,15,0.0020833333333333333
Steatoda,LD,22,0.03814814814814815,0.019593057675439386,1.0,False,15,0.0020833333333333333
Steatoda,LD,23,0.033888888888888885,0.022612251833477346,1.0,False,15,0.0020833333333333333
Steatoda,LL,0,0.08183569072606456,0.043028987242633085,1.0,False,17,0.0020833333333333333
Steatoda,LL,1,0.05109643088844428,0.022802642660661884,1.0,False,17,0.0020833333333333333
Steatoda,LL,2,0.12887580027620774,0.05613253875913905,1.0,False,17,0.0020833333333333333
Steatoda,LL,3,0.11109678082869065,0.04744706680768884,1.0,False,17,0.0020833333333333333
Steatoda,LL,4,0.17404760687252538,0.06277546668125786,1.0,False,17,0.0020833333333333333
Steatoda,LL,5,0.06005282435930079,0.015091257221422025,1.0,False,17,0.0020833333333333333
Steatoda,LL,6,0.10460260874860737,0.02253144621155679,1.0,False,17,0.0020833333333333333
Steatoda,LL,7,0.1805396185934825,0.05002832163430853,1.0,False,17,0.0020833333333333333
Steatoda,LL,8,0.18549215318002915,0.0407300410296422,1.0,False,17,0.0020833333333333333
Steatoda,LL,9,0.1858826500099955,0.055717010383573504,1.0,False,17,0.0020833333333333333
Steatoda,LL,10,0.28135780539548133,0.13447388443035177,0.1612830324093164,False,17,0.0020833333333333333
Steatoda,LL,11,0.26190619035247253,0.059947237416097886,0.13112010164927254,False,17,0.0020833333333333333
Steatoda,LL,12,0.8571429942862895,0.19636222093624323,0.00021837460707688097,True,17,0.0020833333333333333
Steatoda,LL,13,0.2969399855668855,0.11997895249093778,0.0906244303373188,False,17,0.0020833333333333333
Steatoda,LL,14,0.3148448885467297,0.08742405944927477,0.015970215440742033,False,17,0.0020833333333333333
Steatoda,LL,15,0.23731568675757042,0.06363732589524931,0.22557633051347148,False,17,0.0020833333333333333
Steatoda,LL,16,0.23833998187960528,0.10258127861859302,0.23091959986863697,False,17,0.0020833333333333333
Steatoda,LL,17,0.22656786470911872,0.10937899902828928,0.29184269409844543,False,17,0.0020833333333333333
Steatoda,LL,18,0.09280811146301114,0.02999509502488764,1.0,False,17,0.0020833333333333333
Steatoda,LL,19,0.1415026775851269,0.0435554640501607,1.0,False,17,0.0020833333333333333
Steatoda,LL,20,0.07897321589519073,0.03556229136795622,1.0,False,17,0.0020833333333333333
Steatoda,LL,21,0.09226241308797573,0.029059015712219926,1.0,False,17,0.0020833333333333333
Steatoda,LL,22,0.09297208270592872,0.031800426795764655,1.0,False,17,0.0020833333333333333
Steatoda,LL,23,0.057702987875000035,0.019701766471695567,1.0,False,17,0.0020833333333333333
