species,cond,spider,expt,days,n_full_days,empty_days,mean_counts_per_min,tau_h,LS_p,rhythmic,lab_period_h,lab_p
Agelenopsis pennsylvanica,DD,Ag4F,Ag 0825-0906 2025 Monitor1_DD,4.75,4,0,0.706,16.891,6.221399305315301e-06,True,,
Agelenopsis pennsylvanica,DD,Ag8F,Ag 0825-0906 2025 Monitor1_DD,4.75,4,0,0.71,16.076,2.4403009494614353e-06,True,16.07394909,1.92e-77
Agelenopsis pennsylvanica,DD,Ag17F,Ag 0825-0906 2025 Monitor1_DD,4.75,4,0,0.4062,26.011,0.0002643411998156397,True,25.93867645,2.69e-12
Agelenopsis pennsylvanica,DD,Ag27F,Ag 0825-0906 2025 Monitor1_DD,4.75,4,0,0.4001,14.158,0.00043880010421626175,True,20.37987164,0.021740397
Agelenopsis pennsylvanica,DD,Ag33F,Ag 0825-0906 2025 Monitor1_DD,4.75,4,0,0.6322,23.777,2.8756090004021725e-12,True,23.77688551,4.2100000000000004e-109
Agelenopsis pennsylvanica,DD,Ag46F,Ag 0825-0906 2025 Monitor1_DD,4.75,4,0,0.2487,14.946,5.013101610521939e-07,True,17.92555019,6.36e-06
Agelenopsis pennsylvanica,DD,Ag60F,Ag 0825-0906 2025 Monitor1_DD,4.75,4,0,0.283,23.725,0.0004040360124222714,True,23.77688551,1.67e-06
Agelenopsis pennsylvanica,DD,Ag62F,Ag 0825-0906 2025 Monitor1_DD,4.75,4,0,0.3121,26.064,2.384365593518076e-08,True,26.13670524,1.25e-18
Agelenopsis pennsylvanica,DD,Ag69F,Ag 0825-0906 2025 Monitor1_DD,4.75,4,0,0.3782,25.17,1.3098818039538337e-06,True,25.17568654,2.12e-24
Agelenopsis pennsylvanica,DD,Ag72F,Ag 0825-0906 2025 Monitor1_DD,4.75,4,0,0.2916,25.88,2.1663854582418983e-06,True,25.93867645,5.73e-17
Agelenopsis pennsylvanica,DD,Ag77F,Ag 0825-0906 2025 Monitor1_DD,4.75,4,0,0.3892,24.014,1.4998904083412717e-06,True,23.94317561,1.08e-47
Agelenopsis pennsylvanica,DD,Ag75F,Ag 0825-0906 2025 Monitor1_DD,4.75,4,0,0.5517,16.97,0.00046478243933879414,True,16.94933086,8.210000000000001e-35
Agelenopsis pennsylvanica,DD,Ag1M,Ag 0825-0906 2025 Monitor1_DD,4.75,4,0,0.4178,14.421,2.5326141231663556e-11,True,19.12736796,2.4e-17
Agelenopsis pennsylvanica,DD,Ag3M,Ag 0825-0906 2025 Monitor1_DD,4.75,4,0,0.5958,25.17,8.804794618989194e-23,True,25.17568654,2.0199999999999998e-140
Agelenopsis pennsylvanica,DD,Ag5M,Ag 0825-0906 2025 Monitor1_DD,4.75,4,0,0.6288,18.599,2.198851160470801e-05,True,18.60755839,1.22e-46
Agelenopsis pennsylvanica,DD,Ag6M,Ag 0825-0906 2025 Monitor1_DD,4.75,4,0,0.501,23.015,1.2054433290346158e-09,True,22.97891977,8.51e-61
Agelenopsis pennsylvanica,DD,Ag7M,Ag 0825-0906 2025 Monitor1_DD,4.75,4,0,0.6441,26.721,7.820437396701272e-08,True,26.74935905,1.51e-56
Agelenopsis pennsylvanica,DD,Ag10M,Ag 0825-0906 2025 Monitor1_DD,4.75,4,0,0.4045,26.668,2.3557463885068418e-08,True,26.74935905,5.599999999999999e-42
Agelenopsis pennsylvanica,DD,Ag13M,Ag 0825-0906 2025 Monitor1_DD,4.75,4,0,0.5791,32.267,0.0043685370536089485,True,32.0,1.01e-17
Agelenopsis pennsylvanica,DD,Ag24M,Ag 0825-0906 2025 Monitor1_DD,4.75,4,0,0.574,23.83,1.5813127777088853e-16,True,23.77688551,2.5500000000000003e-79
Agelenopsis pennsylvanica,DD,Ag26M,Ag 0825-0906 2025 Monitor1_DD,4.75,4,0,0.3832,17.075,0.00031417574143785776,True,17.03366244,2.33e-11
Agelenopsis pennsylvanica,DD,Ag28M,Ag 0825-0906 2025 Monitor1_DD,4.75,4,0,0.8433,16.392,0.0017570301060415546,True,16.38160748,5.22e-71
Agelenopsis pennsylvanica,DD,Ag29M,Ag 0825-0906 2025 Monitor1_DD,4.75,4,0,0.3601,22.227,7.375182143844862e-12,True,22.23277524,4.76e-58
Agelenopsis pennsylvanica,LD,Ag4F,Ag 0825-0906 2025 Monitor1_LD,6.5,6,0,0.8357,26.826,0.015232655008249461,True,,
Agelenopsis pennsylvanica,LD,Ag8F,Ag 0825-0906 2025 Monitor1_LD,6.5,6,0,0.8036,15.025,0.00017210638467176506,True,23.72689109,5.09e-56
Agelenopsis pennsylvanica,LD,Ag17F,Ag 0825-0906 2025 Monitor1_LD,6.5,6,0,0.3232,23.935,4.289982418723045e-20,True,23.96991278,8.57e-50
Agelenopsis pennsylvanica,LD,Ag27F,Ag 0825-0906 2025 Monitor1_LD,6.5,6,0,0.3251,24.986,1.152816641529158e-06,True,24.99390905,2.44e-17
Agelenopsis pennsylvanica,LD,Ag33F,Ag 0825-0906 2025 Monitor1_LD,6.5,6,0,0.4447,24.277,6.768740655307936e-20,True,24.34392523,1.3399999999999999e-89
Agelenopsis pennsylvanica,LD,Ag46F,Ag 0825-0906 2025 Monitor1_LD,6.5,6,0,0.2167,23.698,1.4174279035515489e-09,True,23.72689109,3.74e-10
Agelenopsis pennsylvanica,LD,Ag60F,Ag 0825-0906 2025 Monitor1_LD,6.5,6,0,0.2005,24.093,6.162131517121344e-23,True,24.09330009,4.9699999999999995e-23
Agelenopsis pennsylvanica,LD,Ag62F,Ag 0825-0906 2025 Monitor1_LD,6.5,6,0,0.2237,23.83,1.5066817505554117e-19,True,23.84778282,3e-24
Agelenopsis pennsylvanica,LD,Ag69F,Ag 0825-0906 2025 Monitor1_LD,6.5,6,0,0.2548,23.33,1.904633464636979e-14,True,23.37145978,4.0399999999999996e-38
Agelenopsis pennsylvanica,LD,Ag72F,Ag 0825-0906 2025 Monitor1_LD,6.5,6,0,0.2537,20.544,0.0004455633152510262,True,20.59484359,1.71e-07
Agelenopsis pennsylvanica,LD,Ag77F,Ag 0825-0906 2025 Monitor1_LD,6.5,6,0,0.1981,14.841,6.08165113418869e-07,True,17.19093257,1.1e-10
Agelenopsis pennsylvanica,LD,Ag75F,Ag 0825-0906 2025 Monitor1_LD,6.5,6,0,0.341,24.277,2.9721603391192133e-13,True,24.34392523,1.33e-40
Agelenopsis pennsylvanica,LD,Ag1M,Ag 0825-0906 2025 Monitor1_LD,6.5,6,0,0.3496,27.01,0.00047416009062870826,True,27.01343674,5.62e-20
Agelenopsis pennsylvanica,LD,Ag3M,Ag 0825-0906 2025 Monitor1_LD,6.5,6,0,0.3573,24.329,1.1672422809825172e-29,True,24.34392523,2.15e-100
Agelenopsis pennsylvanica,LD,Ag5M,Ag 0825-0906 2025 Monitor1_LD,6.5,6,0,0.4498,24.25,5.569571383167819e-08,True,24.21796427,1.45e-44
Agelenopsis pennsylvanica,LD,Ag6M,Ag 0825-0906 2025 Monitor1_LD,6.5,6,0,0.5891,24.566,7.261743635518365e-22,True,24.59981933,2.79e-172
Agelenopsis pennsylvanica,LD,Ag7M,Ag 0825-0906 2025 Monitor1_LD,6.5,6,0,0.3621,24.303,1.3079260105928245e-10,True,24.34392523,3.31e-42
Agelenopsis pennsylvanica,LD,Ag10M,Ag 0825-0906 2025 Monitor1_LD,6.5,6,0,0.3843,24.119,8.828441158602145e-22,True,24.09330009,4.71e-107
Agelenopsis pennsylvanica,LD,Ag13M,Ag 0825-0906 2025 Monitor1_LD,6.5,6,0,0.3115,24.382,4.457766970069727e-10,True,24.34392523,3.67e-18
Agelenopsis pennsylvanica,LD,Ag24M,Ag 0825-0906 2025 Monitor1_LD,6.5,6,0,0.27,24.934,7.062316499862476e-06,True,24.99390905,4.12e-09
Agelenopsis pennsylvanica,LD,Ag26M,Ag 0825-0906 2025 Monitor1_LD,6.5,6,0,0.5031,24.881,1.039166756554792e-24,True,24.8611503,2.6799999999999997e-147
Agelenopsis pennsylvanica,LD,Ag28M,Ag 0825-0906 2025 Monitor1_LD,6.5,6,0,0.5844,24.907,6.876398233580387e-20,True,24.8611503,3.21e-178
Agelenopsis pennsylvanica,LD,Ag29M,Ag 0825-0906 2025 Monitor1_LD,6.5,6,0,0.2994,24.014,3.3866480720145377e-19,True,23.96991278,2.67e-62
Agelenopsis pennsylvanica,DD,Ag2F,Ag 0918-0926 2025 Monitor2_DD,7.77,7,0,0.5035,30.243,7.244709747997432e-06,True,,
Agelenopsis pennsylvanica,DD,Ag4F,Ag 0918-0926 2025 Monitor2_DD,7.77,7,0,0.2925,25.643,8.243791777494137e-13,True,,
Agelenopsis pennsylvanica,DD,Ag11F,Ag 0918-0926 2025 Monitor2_DD,7.77,7,0,0.4075,14.867,1.893131516651634e-05,True,,
Agelenopsis pennsylvanica,DD,Ag12F,Ag 0918-0926 2025 Monitor2_DD,7.77,7,0,0.2606,24.04,1.0394470132020528e-10,True,,
Agelenopsis pennsylvanica,DD,Ag14F,Ag 0918-0926 2025 Monitor2_DD,7.77,7,0,0.2741,14.999,0.9849518661230235,False,,
Agelenopsis pennsylvanica,DD,Ag16F,Ag 0918-0926 2025 Monitor2_DD,7.77,7,0,0.4571,31.215,3.067326034985152e-06,True,,
Agelenopsis pennsylvanica,DD,Ag20F,Ag 0918-0926 2025 Monitor2_DD,7.77,7,0,0.3583,24.881,4.147402975571781e-28,True,,
Agelenopsis pennsylvanica,DD,Ag22F,Ag 0918-0926 2025 Monitor2_DD,7.77,7,0,0.3196,23.068,5.807605528598613e-06,True,,
Agelenopsis pennsylvanica,DD,Ag31F,Ag 0918-0926 2025 Monitor2_DD,7.77,7,0,0.422,14.526,0.010533766206375667,True,,
Agelenopsis pennsylvanica,DD,Ag32F,Ag 0918-0926 2025 Monitor2_DD,7.77,7,0,0.4458,20.939,4.0832506775990127e-07,True,,
Agelenopsis pennsylvanica,DD,Ag35F,Ag 0918-0926 2025 Monitor2_DD,7.77,7,0,0.6498,14.263,6.504095408687915e-11,True,,
Agelenopsis pennsylvanica,DD,Ag37F,Ag 0918-0926 2025 Monitor2_DD,7.77,7,0,0.2038,28.14,1.790902386617165e-05,True,,
Agelenopsis pennsylvanica,DD,Ag39F,Ag 0918-0926 2025 Monitor2_DD,7.77,7,0,0.4043,35.0,2.4526046287407693e-20,True,,
Agelenopsis pennsylvanica,DD,Ag43F,Ag 0918-0926 2025 Monitor2_DD,7.77,7,0,0.4556,27.615,2.1347822574443773e-18,True,,
Agelenopsis pennsylvanica,DD,Ag52F,Ag 0918-0926 2025 Monitor2_DD,7.77,7,0,0.5402,33.765,0.1060112397421227,False,,
Agelenopsis pennsylvanica,DD,Ag54F,Ag 0918-0926 2025 Monitor2_DD,7.77,7,0,0.4437,17.338,4.499850080039294e-07,True,,
Agelenopsis pennsylvanica,DD,Ag67F,Ag 0918-0926 2025 Monitor2_DD,7.77,7,0,0.4158,22.437,0.0002534614810693087,True,,
Agelenopsis pennsylvanica,DD,Ag80F,Ag 0918-0926 2025 Monitor2_DD,7.77,7,0,0.2362,15.997,2.348983328504514e-05,True,,
Agelenopsis pennsylvanica,DD,Ag81F,Ag 0918-0926 2025 Monitor2_DD,7.77,7,0,0.3391,24.934,0.00012293530423889353,True,,
Agelenopsis pennsylvanica,DD,Ag82F,Ag 0918-0926 2025 Monitor2_DD,7.77,7,0,0.1691,29.901,1.9010182411934217e-12,True,,
Agelenopsis pennsylvanica,DD,Ag84F,Ag 0918-0926 2025 Monitor2_DD,7.77,7,0,0.0837,29.402,3.939627872796177e-05,True,,
Agelenopsis pennsylvanica,DD,Ag86F,Ag 0918-0926 2025 Monitor2_DD,7.77,7,0,0.516,24.382,3.4356475892426977e-06,True,,
Agelenopsis pennsylvanica,DD,Ag88F,Ag 0918-0926 2025 Monitor2_DD,7.77,7,0,0.4507,19.02,6.287523476108592e-19,True,,
Agelenopsis pennsylvanica,LD,Ag38M,Ag 1015-1104 2025 Monitor1_LD,4.5,4,0,0.3705,32.083,5.0604639761764823e-08,True,,
Agelenopsis pennsylvanica,LD,Ag48M,Ag 1015-1104 2025 Monitor1_LD,4.5,4,0,0.3355,18.626,1.861590164488499e-10,True,18.59277195,2.15e-53
Agelenopsis pennsylvanica,LD,Ag49M,Ag 1015-1104 2025 Monitor1_LD,4.5,4,0,0.2971,35.0,8.533963979783139e-10,True,23.43483667,4.56e-20
Agelenopsis pennsylvanica,LD,Ag58M,Ag 1015-1104 2025 Monitor1_LD,4.5,4,0,0.7488,14.0,3.152031396596956e-19,True,23.95470826,5.72e-237
Agelenopsis pennsylvanica,LD,Ag61M,Ag 1015-1104 2025 Monitor1_LD,4.5,4,0,0.2252,21.806,0.16437624988303437,False,21.85390534,0.602058461
Agelenopsis pennsylvanica,LD,Ag63M,Ag 1015-1104 2025 Monitor1_LD,4.5,4,0,0.4032,35.0,1.600945497167998e-11,True,32.0,5.42e-42
Agelenopsis pennsylvanica,LD,Ag64M,Ag 1015-1104 2025 Monitor1_LD,4.5,4,0,0.139,22.647,0.11514787457851752,False,22.61677757,1.0
Agelenopsis pennsylvanica,LD,Ag68M,Ag 1015-1104 2025 Monitor1_LD,4.5,4,0,0.2367,25.091,4.2887176688082697e-07,True,25.06686011,4.66e-07
Agelenopsis pennsylvanica,LD,Ag70M,Ag 1015-1104 2025 Monitor1_LD,4.5,4,0,0.1974,27.01,0.130987983580825,False,26.94320988,0.9247045
Agelenopsis pennsylvanica,LD,Ag79M,Ag 1015-1104 2025 Monitor1_LD,4.5,4,0,0.2644,22.726,2.394591806643198e-15,True,22.7757882,2.27e-35
Agelenopsis pennsylvanica,LD,Ag87M,Ag 1015-1104 2025 Monitor1_LD,4.5,4,0,0.4032,28.771,1.3218718726115228e-07,True,28.86370597,4.24e-38
Agelenopsis pennsylvanica,LD,Ag92M,Ag 1015-1104 2025 Monitor1_LD,4.5,4,0,0.2275,14.552,1.9769609902541755e-08,True,27.87041269,7.15e-20
Agelenopsis pennsylvanica,LD,Ag93M,Ag 1015-1104 2025 Monitor1_LD,4.5,4,0,0.1455,23.909,5.396224408937535e-14,True,23.95470826,8.75e-14
Agelenopsis pennsylvanica,LD,Ag97M,Ag 1015-1104 2025 Monitor1_LD,4.5,4,0,0.1796,15.13,0.003224045312446846,True,16.01854284,1.0
Agelenopsis pennsylvanica,LD,Ag98M,Ag 1015-1104 2025 Monitor1_LD,4.5,4,0,0.2035,31.294,0.013616115562542892,True,31.38005146,0.358886004
Agelenopsis pennsylvanica,LD,Ag45F,Ag 1015-1104 2025 Monitor1_LD,4.5,4,0,0.4522,23.357,1.678786235453113e-07,True,23.26652452,2.79e-38
Agelenopsis pennsylvanica,LD,Ag59F,Ag 1015-1104 2025 Monitor1_LD,4.5,4,0,0.4349,16.812,1.088077470117864e-13,True,16.85182476,1.8200000000000002e-103
Agelenopsis pennsylvanica,LD,Ag76F,Ag 1015-1104 2025 Monitor1_LD,4.5,4,0,0.3292,23.33,0.0003693758014032297,True,23.26652452,2.94e-11
Agelenopsis pennsylvanica,LD,Ag90F,Ag 1015-1104 2025 Monitor1_LD,4.5,4,0,0.1974,23.856,1.2253753098156742e-19,True,23.77887372,1.24e-44
Agelenopsis pennsylvanica,LL,Ag38M,Ag 1015-1104 2025 Monitor1_LL,15.13,15,0,0.0931,27.72,0.003742179952777456,True,,
Agelenopsis pennsylvanica,LL,Ag48M,Ag 1015-1104 2025 Monitor1_LL,15.13,15,0,0.1078,17.864,0.0008264284776527389,True,17.87332684,0.98905306
Agelenopsis pennsylvanica,LL,Ag49M,Ag 1015-1104 2025 Monitor1_LL,15.13,15,0,0.1034,21.044,0.13122073755227157,False,21.05176684,1.0
Agelenopsis pennsylvanica,LL,Ag58M,Ag 1015-1104 2025 Monitor1_LL,15.13,15,0,0.3812,15.34,1.0381620271939056e-05,True,26.34852952,4.2600000000000003e-35
Agelenopsis pennsylvanica,LL,Ag61M,Ag 1015-1104 2025 Monitor1_LL,15.13,15,0,0.1437,22.7,6.3024492994353815e-09,True,22.72064672,1.52e-11
Agelenopsis pennsylvanica,LL,Ag63M,Ag 1015-1104 2025 Monitor1_LL,15.13,15,0,0.1848,25.538,6.344728577942385e-05,True,25.54511471,5.88e-05
Agelenopsis pennsylvanica,LL,Ag64M,Ag 1015-1104 2025 Monitor1_LL,15.13,15,0,0.0972,18.705,0.01195676883747818,True,18.70201234,1.0
Agelenopsis pennsylvanica,LL,Ag68M,Ag 1015-1104 2025 Monitor1_LL,15.13,15,0,0.1651,18.626,1.85450384967489e-15,True,18.60616091,4.85e-17
Agelenopsis pennsylvanica,LL,Ag70M,Ag 1015-1104 2025 Monitor1_LL,15.13,15,0,0.0965,25.906,0.006995428203182594,True,25.90974649,1.0
Agelenopsis pennsylvanica,LL,Ag79M,Ag 1015-1104 2025 Monitor1_LL,15.13,15,0,0.3489,15.682,1.766443210108911e-10,True,17.41602119,6.0700000000000006e-37
Agelenopsis pennsylvanica,LL,Ag87M,Ag 1015-1104 2025 Monitor1_LL,15.13,15,0,0.4233,26.616,6.3889881690257466e-15,True,26.60600046,5.7399999999999996e-89
Agelenopsis pennsylvanica,LL,Ag92M,Ag 1015-1104 2025 Monitor1_LL,15.13,15,0,0.027,26.984,0.007211713303349477,True,27.00178198,1.0
Agelenopsis pennsylvanica,LL,Ag93M,Ag 1015-1104 2025 Monitor1_LL,15.13,15,0,0.0803,19.335,7.531575438602042e-06,True,19.33277861,0.721027174
Agelenopsis pennsylvanica,LL,Ag97M,Ag 1015-1104 2025 Monitor1_LL,15.13,15,0,0.0781,24.25,0.48503096510299326,False,24.23756868,1.0
Agelenopsis pennsylvanica,LL,Ag98M,Ag 1015-1104 2025 Monitor1_LL,15.13,15,0,0.1047,27.615,0.5745498858582879,False,27.61803629,1.0
Agelenopsis pennsylvanica,LL,Ag45F,Ag 1015-1104 2025 Monitor1_LL,15.13,15,0,0.2812,21.543,6.436993901438307e-14,True,21.55166656,6.87e-39
Agelenopsis pennsylvanica,LL,Ag59F,Ag 1015-1104 2025 Monitor1_LL,15.13,15,0,0.1309,20.912,0.0013535135042658066,True,20.93039457,0.024920632
Agelenopsis pennsylvanica,LL,Ag76F,Ag 1015-1104 2025 Monitor1_LL,15.13,15,0,0.1435,21.622,0.01407188100148826,True,21.63730055,1.0
Agelenopsis pennsylvanica,LL,Ag90F,Ag 1015-1104 2025 Monitor1_LL,15.13,15,0,0.2067,20.518,9.25793442421744e-50,True,20.49708875,1.9e-125
Larinioides cornutus,DD,LcF8,LC 01162025 Monitor1_DD,9.75,9,0,0.0607,24.855,1.8956592147378294e-11,True,24.86529529,0.008809553
Larinioides cornutus,DD,LcF23,LC 01162025 Monitor1_DD,9.75,9,0,0.0848,25.748,8.5428564624951e-17,True,25.77757395,2.82e-13
Larinioides cornutus,DD,LcF27,LC 01162025 Monitor1_DD,9.75,9,0,0.1021,30.322,3.604443186438863e-10,True,30.3417004,6.57e-07
Larinioides cornutus,DD,LcF30,LC 01162025 Monitor1_DD,9.75,9,0,0.1393,25.354,4.5322657857649466e-36,True,25.31321774,2.33e-39
Larinioides cornutus,DD,LcF31,LC 01162025 Monitor1_DD,9.75,9,0,0.1342,25.985,1.0621238355929288e-52,True,25.96812197,1.9899999999999998e-82
Larinioides cornutus,DD,LcF35,LC 01162025 Monitor1_DD,9.75,9,0,0.0569,27.273,0.00012714837073817282,True,27.27881582,0.999996365
Larinioides cornutus,DD,LcF44,LC 01162025 Monitor1_DD,9.75,9,0,0.2081,23.225,2.490929797317451e-55,True,23.22164842,1.0399999999999998e-89
Larinioides cornutus,DD,LcF45,LC 01162025 Monitor1_DD,9.75,9,0,0.5908,26.143,3.950213299924593e-183,True,26.16150803,0.0
Larinioides cornutus,DD,LcF47,LC 01162025 Monitor1_DD,9.75,9,0,0.0806,27.483,0.0008718144031394418,True,27.4922964,1.0
Larinioides cornutus,DD,LcF48,LC 01162025 Monitor1_DD,9.75,9,0,0.8679,27.851,3.8210337908936973e-230,True,27.81885672,0.0
Larinioides cornutus,DD,LcF49,LC 01162025 Monitor1_DD,9.75,9,0,0.4504,26.589,2.233989781363844e-152,True,26.55705174,0.0
Larinioides cornutus,DD,LcF52,LC 01162025 Monitor1_DD,9.75,9,0,0.2506,25.538,1.1511920273297391e-94,True,25.49693808,1.57e-129
Larinioides cornutus,DD,LcF53,LC 01162025 Monitor1_DD,9.75,9,0,0.0838,27.01,2.1000932527719107e-40,True,26.96473975,1.29e-13
Larinioides cornutus,DD,LcF56,LC 01162025 Monitor1_DD,9.75,9,0,0.0609,23.199,2.6418385984155595e-09,True,23.22164842,1.0
Larinioides cornutus,DD,Lc7,LC 1006-1104 2025 Monitor2_DD,7.73,8,0,0.058,24.171,9.031901130177848e-38,True,24.19522632,6.18e-05
Larinioides cornutus,DD,Lc8,LC 1006-1104 2025 Monitor2_DD,7.73,8,0,0.1755,23.62,6.46127558293008e-64,True,23.78807599,1.4000000000000001e-109
Larinioides cornutus,DD,Lc63,LC 1006-1104 2025 Monitor2_DD,7.73,8,0,0.3507,23.909,3.1789421792487117e-59,True,24.09213767,2.79e-183
Larinioides cornutus,DD,Lc65,LC 1006-1104 2025 Monitor2_DD,7.73,8,0,0.5984,28.508,1.925791551568877e-103,True,28.74636587,0.0
Larinioides cornutus,DD,Lc69,LC 1006-1104 2025 Monitor2_DD,7.73,8,0,0.1237,24.224,1.4730804901173426e-16,True,24.50985439,5.420000000000001e-21
Larinioides cornutus,DD,Lc72,LC 1006-1104 2025 Monitor2_DD,7.73,8,0,0.1584,23.725,1.9085670865161155e-16,True,23.78807599,5.52e-34
Larinioides cornutus,DD,Lc73,LC 1006-1104 2025 Monitor2_DD,7.73,8,0,0.3317,25.354,7.593213840266083e-47,True,25.73700306,3.37e-212
Larinioides cornutus,DD,Lc74,LC 1006-1104 2025 Monitor2_DD,7.73,8,0,0.1909,24.329,1.5895608710354608e-73,True,24.6165567,8.76e-119
Larinioides cornutus,DD,Lc75,LC 1006-1104 2025 Monitor2_DD,7.73,8,0,0.6365,25.328,1.4848208858028001e-106,True,25.2768038,0.0
Larinioides cornutus,DD,Lc76,LC 1006-1104 2025 Monitor2_DD,7.73,8,0,0.4612,23.856,1.0403103067456386e-229,True,24.09213767,0.0
Larinioides cornutus,DD,Lc78,LC 1006-1104 2025 Monitor2_DD,7.73,8,0,0.2439,23.856,7.068648063736379e-47,True,23.8885735,2.9500000000000003e-123
Larinioides cornutus,DD,Lc79,LC 1006-1104 2025 Monitor2_DD,7.73,8,0,0.2243,25.38,1.4227153276579637e-22,True,25.73700306,1.17e-53
Larinioides cornutus,DD,Lc80,LC 1006-1104 2025 Monitor2_DD,7.73,8,1,0.2182,29.113,1.3328480129920692e-05,True,29.65079885,3.5599999999999996e-23
Larinioides cornutus,DD,Lc81,LC 1006-1104 2025 Monitor2_DD,7.73,8,0,0.2772,23.804,1.1676729085725347e-69,True,23.98992377,2.38e-215
Larinioides cornutus,DD,Lc82,LC 1006-1104 2025 Monitor2_DD,7.73,8,0,0.5895,24.461,1.657941075484417e-240,True,24.50985439,0.0
Larinioides cornutus,DD,Lc85,LC 1006-1104 2025 Monitor2_DD,7.73,8,0,0.287,27.01,2.599683498004196e-35,True,27.09350902,1.72e-88
Larinioides cornutus,DD,Lc86,LC 1006-1104 2025 Monitor2_DD,7.73,8,0,0.5961,25.67,9.533854235205503e-92,True,25.85468315,0.0
Larinioides cornutus,DD,Lc87,LC 1006-1104 2025 Monitor2_DD,7.73,8,0,0.1706,27.115,1.6474228058327793e-66,True,27.22395246,8.47e-72
Larinioides cornutus,DD,Lc100,LC 1006-1104 2025 Monitor2_DD,7.73,8,0,0.2124,23.856,1.0694266419303387e-70,True,24.09213767,7.479999999999999e-134
Larinioides cornutus,LD,Lc8,LC 1006-1104 2025 Monitor2_LD,16.79,16,2,0.0652,23.698,5.616112853867262e-22,True,23.71460096,1.28e-10
Larinioides cornutus,LD,Lc65,LC 1006-1104 2025 Monitor2_LD,16.79,16,0,0.429,24.014,4.6695369059258065e-212,True,24.04474829,0.0
Larinioides cornutus,LD,Lc72,LC 1006-1104 2025 Monitor2_LD,16.79,16,1,0.0529,24.75,8.814119887636739e-07,True,24.73341005,0.813202957
Larinioides cornutus,LD,Lc73,LC 1006-1104 2025 Monitor2_LD,16.79,16,1,0.0517,23.961,2.1802690638263036e-05,True,23.9494862,1.0
Larinioides cornutus,LD,Lc74,LC 1006-1104 2025 Monitor2_LD,16.79,16,2,0.0787,24.277,3.363856770400745e-62,True,24.28625235,2.0100000000000002e-29
Larinioides cornutus,LD,Lc75,LC 1006-1104 2025 Monitor2_LD,16.79,16,0,0.0857,24.04,1.1471304615587667e-47,True,24.04474829,1.39e-34
Larinioides cornutus,LD,Lc76,LC 1006-1104 2025 Monitor2_LD,16.79,16,0,0.1478,23.961,2.3928220039452167e-90,True,23.9494862,9.87e-109
Larinioides cornutus,LD,Lc78,LC 1006-1104 2025 Monitor2_LD,16.79,16,0,0.0648,23.856,1.160461148478539e-14,True,23.85497595,6.22e-06
Larinioides cornutus,LD,Lc79,LC 1006-1104 2025 Monitor2_LD,16.79,16,0,0.0514,24.355,4.960648455120087e-07,True,24.3351365,0.807817196
Larinioides cornutus,LD,Lc81,LC 1006-1104 2025 Monitor2_LD,16.79,16,0,0.1877,24.04,3.365206609199037e-127,True,24.04474829,8.22e-204
Larinioides cornutus,LD,Lc82,LC 1006-1104 2025 Monitor2_LD,16.79,16,2,0.2587,24.04,2.4020232715205914e-206,True,24.04474829,0.0
Larinioides cornutus,LD,Lc85,LC 1006-1104 2025 Monitor2_LD,16.79,16,0,0.3233,24.198,9.512382872444903e-112,True,24.1890709,0.0
Larinioides cornutus,LD,Lc87,LC 1006-1104 2025 Monitor2_LD,16.79,16,0,0.1325,24.802,3.560954190580417e-29,True,24.78411275,1.11e-18
Larinioides cornutus,LD,Lc100,LC 1006-1104 2025 Monitor2_LD,16.79,16,0,0.1249,23.987,9.740889989638876e-90,True,23.9970227,1.44e-82
Larinioides cornutus,LD,LcA6,LC 10302024 Monitor2 _LD,13.0,12,0,0.169,23.961,1.55392829035418e-88,True,23.96894882,2.88e-129
Larinioides cornutus,LD,LcA1,LC 10302024 Monitor2 _LD,13.0,12,0,0.1598,24.277,3.7422015543636086e-27,True,24.27984273,2.2e-46
Larinioides cornutus,LD,LcF23,LC 10302024 Monitor2 _LD,13.0,12,0,0.3114,24.303,1.9758306183123586e-89,True,24.27984273,0.0
Larinioides cornutus,LD,LcF22,LC 10302024 Monitor2 _LD,13.0,12,0,0.2417,23.987,9.8891235409634e-71,True,23.96894882,1.08e-180
Larinioides cornutus,LD,LcF21,LC 10302024 Monitor2 _LD,13.0,12,0,0.0794,23.961,1.5247886443627626e-24,True,23.96894882,1.73e-15
Larinioides cornutus,LD,LcF20,LC 10302024 Monitor2 _LD,13.0,12,0,0.3362,24.329,2.6143841756932625e-214,True,24.34299183,0.0
Larinioides cornutus,LD,LcF19,LC 10302024 Monitor2 _LD,13.0,12,0,0.1638,24.224,1.1195520558468394e-115,True,24.21702042,3.79e-125
Larinioides cornutus,LD,LcF11,LC 10302024 Monitor2 _LD,13.0,12,0,0.216,23.33,9.024012440056749e-63,True,23.31223974,1.03e-140
Larinioides cornutus,LD,LcF5,LC 10302024 Monitor2 _LD,13.0,12,0,0.1128,23.646,1.243701772073475e-36,True,23.6062266,2.09e-45
Larinioides cornutus,LD,LcA4,LC 10302024 Monitor2 _LD,13.0,12,0,0.2069,23.725,9.006192548481743e-58,True,23.72590803,1.21e-99
Larinioides cornutus,LD,LcF6,LC 10302024 Monitor2 _LD,13.0,12,0,0.1432,23.961,9.999741205670421e-63,True,23.96894882,3.24e-88
Larinioides cornutus,LD,LcF2,LC 10302024 Monitor2 _LD,13.0,12,0,0.1376,23.935,2.3570589569874943e-65,True,23.90772301,1.77e-80
Larinioides cornutus,LL,LcF10,LC 12092024 Monitor1_LL,8.5,8,0,0.0256,15.866,0.8573352682611498,False,16.01111792,1.0
Larinioides cornutus,LL,LcF25,LC 12092024 Monitor1_LL,8.5,8,2,0.0289,30.348,0.7461393308440237,False,30.41006133,1.0
Larinioides cornutus,LL,LcF26,LC 12092024 Monitor1_LL,8.5,8,2,0.0535,14.0,0.00517429434951691,True,27.5368717,1.0
Larinioides cornutus,LL,LcF27,LC 12092024 Monitor1_LL,8.5,8,1,0.0874,20.098,0.006052821791955949,True,20.11564731,1.0
Larinioides cornutus,LL,LcF31,LC 12092024 Monitor1_LL,8.5,8,2,0.2813,15.472,0.027895161018669977,True,18.42050317,0.149785918
Larinioides cornutus,LL,LcF32,LC 12092024 Monitor1_LL,8.5,8,0,0.0756,27.693,8.100298954543499e-06,True,27.66132335,1.0
Larinioides cornutus,LL,LcF33,LC 12092024 Monitor1_LL,8.5,8,2,0.0405,22.726,0.030488479409773717,True,22.73034295,1.0
Larinioides cornutus,LL,LcF34,LC 12092024 Monitor1_LL,8.5,8,1,0.0246,18.205,0.019016451258176224,True,18.20138469,1.0
Larinioides cornutus,LL,LcF36,LC 12092024 Monitor1_LL,8.5,8,0,0.0556,14.499,0.9609486790497765,False,20.94156643,1.0
Larinioides cornutus,LL,LcF37,LC 12092024 Monitor1_LL,8.5,8,0,0.0255,23.278,1.6041889460508408e-06,True,23.24838269,1.0
Larinioides cornutus,LL,LcF41,LC 12092024 Monitor1_LL,8.5,8,2,0.0704,23.83,3.954813299894552e-06,True,23.79058609,0.999999184
Larinioides cornutus,LL,LcF42,LC 12092024 Monitor1_LL,8.5,8,0,0.0689,21.937,3.803340006492516e-05,True,21.91641023,1.0
Larinioides cornutus,LL,LcF43,LC 12092024 Monitor1_LL,8.5,8,2,0.0408,27.352,2.685403947487872e-08,True,27.29129799,1.0
Larinioides cornutus,LL,LcF45,LC 12092024 Monitor1_LL,8.5,8,1,0.0433,22.463,6.692814450640856e-06,True,22.47988522,1.0
Larinioides cornutus,LL,LcF1,LC 12092024 Monitor2_LL,8.5,8,0,0.0891,14.263,0.9140894731789342,False,16.01111792,1.0
Larinioides cornutus,LL,LcF2,LC 12092024 Monitor2_LL,8.5,8,1,0.0902,25.801,0.041609064345425474,True,25.79598288,1.0
Steatoda grossa,LD,SgA3,StA 04032024_LD,6.37,6,0,0.0853,23.698,6.720903328967968e-07,True,23.71989973,0.210925436
Steatoda grossa,LD,SgA4,StA 04032024_LD,6.37,6,0,0.1104,24.645,2.395139697589376e-13,True,24.61146069,2.87e-06
Steatoda grossa,LD,SgA5,StA 04032024_LD,6.37,6,0,0.2469,23.751,8.648666840432355e-26,True,23.71989973,5.42e-96
Steatoda grossa,LD,SgA7,StA 04032024_LD,6.37,6,0,0.0376,25.433,2.3121098262813186e-09,True,25.4307759,1.0
Steatoda grossa,LD,SgA9,StA 04032024_LD,6.37,6,0,0.1633,30.217,6.398353975184234e-12,True,30.30726315,1.74e-15
Steatoda grossa,LD,SgA10,StA 04032024_LD,6.37,6,0,0.0946,24.907,2.162630824364343e-09,True,24.87863625,0.049139123
Steatoda grossa,LD,SgA11,StA 04032024_LD,6.37,6,0,0.2876,23.541,5.572457140828529e-25,True,23.59777974,8.29e-85
Steatoda grossa,LD,SgA12,StA 04032024_LD,6.37,6,0,0.3753,23.909,1.2462209716155918e-42,True,23.84329025,3e-148
Steatoda grossa,LD,SgA13,StA 04032024_LD,6.37,6,0,0.2105,35.0,1.884523438685537e-10,True,24.22128643,1.08e-16
Steatoda grossa,LD,SgA14,StA 04032024_LD,6.37,6,0,0.1151,14.762,5.446041197899487e-09,True,16.89866928,0.006181637
Steatoda grossa,LD,SgA15,StA 04032024_LD,6.37,6,0,0.0592,14.158,8.765224655669397e-08,True,25.29045607,1.0
Steatoda grossa,LD,SgA16,StA 04032024_LD,6.37,6,0,0.1311,14.0,1.4320086142441933e-09,True,23.84329025,0.021237918
Steatoda grossa,LD,SgA17,StA 04032024_LD,6.37,6,0,0.298,23.725,5.686038615808223e-30,True,23.71989973,3.68e-143
Steatoda grossa,LD,SgA18,StA 04032024_LD,6.37,6,0,0.1952,23.987,1.2764978686462802e-13,True,23.96797124,2.62e-34
Steatoda grossa,LD,SgA19,StA 04032024_LD,6.37,6,0,0.209,24.592,6.599609662986822e-25,True,24.61146069,4.2799999999999995e-46
Steatoda grossa,LD,SgA21,StA 04032024_LD,6.37,6,0,0.0747,25.013,4.816175125921598e-10,True,25.01441119,0.527901295
Steatoda grossa,LD,SgA22,StA 04032024_LD,6.37,6,0,0.3157,20.623,3.0867929784247814e-16,True,20.62462209,2.95e-98
Steatoda grossa,LD,SgA25,StA 04032024_LD,6.37,6,0,0.1603,16.655,0.00014150322708087054,True,16.65307976,0.000550063
Steatoda grossa,DD,SgA3,StA DD 01182024,8.11,7,1,0.0916,20.623,5.432659369984214e-09,True,20.59776198,8.93e-09
Steatoda grossa,DD,SgA4,StA DD 01182024,8.11,7,0,0.0849,26.011,2.64270255253322e-19,True,26.01211277,7.9e-08
Steatoda grossa,DD,SgA7,StA DD 01182024,8.11,7,1,0.0189,25.722,1.4466158241285645e-05,True,25.66902521,1.0
Steatoda grossa,DD,SgA9,StA DD 01182024,8.11,7,0,0.075,22.647,1.7176781563214454e-13,True,22.67791467,0.002181191
Steatoda grossa,DD,SgA10,StA DD 01182024,8.11,7,0,0.0557,25.17,1.5202487659452984e-07,True,25.22541011,1.0
Steatoda grossa,DD,SgA11,StA DD 01182024,8.11,7,0,0.2691,24.829,1.1558384497938168e-14,True,24.79686774,5.86e-36
Steatoda grossa,DD,SgA12,StA DD 01182024,8.11,7,0,0.6141,24.776,4.946453321126329e-27,True,24.79686774,0.0
Steatoda grossa,DD,SgA13,StA DD 01182024,8.11,7,0,0.118,14.368,4.895073669195173e-13,True,16.10828987,1e-23
Steatoda grossa,DD,SgA14,StA DD 01182024,8.11,7,0,0.1022,22.437,1.2859828416984192e-19,True,22.41670166,4.93e-09
Steatoda grossa,DD,SgA15,StA DD 01182024,8.11,7,0,0.0966,25.512,6.255983524327534e-12,True,25.55666507,3.73e-36
Steatoda grossa,DD,SgA16,StA DD 01182024,8.11,7,0,0.0571,26.011,1.3252863750431055e-13,True,26.01211277,0.067038074
Steatoda grossa,DD,SgA17,StA DD 01182024,8.11,7,0,0.2415,20.282,1.4754129351906752e-07,True,20.31113769,1.02e-16
Steatoda grossa,DD,SgA18,StA DD 01182024,8.11,7,0,0.1822,14.053,2.47961892050673e-12,True,16.33361018,7.070000000000001e-26
Steatoda grossa,DD,SgA19,StA DD 01182024,8.11,7,0,0.3632,25.065,2.8553096019085196e-14,True,25.00930326,3.91e-45
Steatoda grossa,DD,SgA21,StA DD 01182024,8.11,7,0,0.203,24.75,2.5765198498295634e-15,True,24.69199762,1.21e-72
Steatoda grossa,DD,SgA22,StA DD 01182024,8.11,7,0,0.1058,23.751,9.942970171553138e-15,True,23.78661914,1.7e-13
Steatoda grossa,DD,SgA25,StA DD 01182024,8.11,7,0,0.354,24.566,8.16187569012072e-31,True,24.58801079,6.3799999999999995e-229
Steatoda grossa,LL,SgA3,StA LL 12272023,8.81,8,0,0.0594,17.18,1.348021081185039e-09,True,17.18014473,0.057712749
Steatoda grossa,LL,SgA4,StA LL 12272023,8.81,8,1,0.1219,29.638,4.157194224270295e-21,True,29.61009409,1.45e-29
Steatoda grossa,LL,SgA5,StA LL 12272023,8.81,8,0,0.053,17.601,0.0002424753847301993,True,17.6093689,1.0
Steatoda grossa,LL,SgA6,StA LL 12272023,8.81,8,1,0.0283,34.553,4.3287077590540775e-07,True,32.0,1.0
Steatoda grossa,LL,SgA7,StA LL 12272023,8.81,8,1,0.0653,20.807,5.334415865351259e-10,True,20.78239058,0.040969377
Steatoda grossa,LL,SgA8,StA LL 12272023,8.81,8,1,0.0473,21.517,3.331815355084867e-11,True,21.55934364,0.367665314
Steatoda grossa,LL,SgA10,StA LL 12272023,8.81,8,0,0.0524,19.414,1.6702077119502835e-17,True,19.38518837,4.14e-05
Steatoda grossa,LL,SgA11,StA LL 12272023,8.81,8,0,0.1071,14.683,2.2206332668065885e-29,True,16.0094641,2.88e-10
Steatoda grossa,LL,SgA12,StA LL 12272023,8.81,8,0,0.1639,14.631,2.6009887646415863e-22,True,21.85647376,8.94e-13
Steatoda grossa,LL,SgA13,StA LL 12272023,8.81,8,0,0.0953,16.97,1.0136964557205433e-09,True,16.95060749,6.96e-06
Steatoda grossa,LL,SgA14,StA LL 12272023,8.81,8,1,0.0605,20.045,1.4545874463525063e-21,True,20.05948911,3.1e-06
Steatoda grossa,LL,SgA15,StA LL 12272023,8.81,8,1,0.0266,14.0,0.01251047012088318,True,17.36829947,1.0
Steatoda grossa,LL,SgA16,StA LL 12272023,8.81,8,1,0.038,17.496,2.753261439478224e-15,True,17.51214252,0.933834187
Steatoda grossa,LL,SgA17,StA LL 12272023,8.81,8,1,0.1978,14.289,2.190626341474551e-07,True,19.09344871,2.7e-16
Steatoda grossa,LL,SgA18,StA LL 12272023,8.81,8,0,0.0965,32.056,7.127864772202781e-07,True,32.0,0.004044761
Steatoda grossa,LL,SgA19,StA LL 12272023,8.81,8,0,0.0529,16.234,1.1472099049953592e-05,True,16.21406606,1.0
Steatoda grossa,LL,SgA21,StA LL 12272023,8.81,8,1,0.0355,32.267,3.5628246194994384e-07,True,32.0,1.0
Steatoda grossa,LL,SgA22,StA LL 12272023,8.81,8,0,0.0911,16.733,0.0007350259488240977,True,16.7271229,0.857251365
Steatoda grossa,LL,SgA23,StA LL 12272023,8.81,8,0,0.1992,21.701,3.8606269642207054e-41,True,21.70689194,9.72e-71
Steatoda grossa,LL,SgA24,StA LL 12272023,8.81,8,0,0.0964,34.422,0.020906203990380602,True,18.11215704,1.0
Steatoda grossa,LL,SgA25,StA LL 12272023,8.81,8,0,0.1275,29.323,6.691797476945041e-30,True,29.33622372,7.989999999999999e-61
Steatoda grossa,LD,SgB1,StB 1-12  09232024_LD,6.0,6,0,0.2009,24.382,1.502626791117569e-41,True,24.40677966,8.23e-91
Steatoda grossa,LD,SgB2,StB 1-12  09232024_LD,6.0,6,0,0.0804,19.362,1.848774801556442e-06,True,19.37219731,0.978382439
Steatoda grossa,LD,SgB3,StB 1-12  09232024_LD,6.0,6,0,0.0839,21.832,1.4500363044161873e-07,True,21.81818182,0.583984671
Steatoda grossa,LD,SgB4,StB 1-12  09232024_LD,6.0,6,0,0.0376,19.861,0.0018305063077168346,True,19.81651376,1.0
Steatoda grossa,LD,SgB5,StB 1-12  09232024_LD,6.0,6,0,0.0637,23.935,1.1804094364278354e-24,True,24.0,1.19e-08
Steatoda grossa,LD,SgB6,StB 1-12  09232024_LD,6.0,6,0,0.2323,17.732,6.372697671035655e-23,True,17.70491803,2.7400000000000004e-123
Steatoda grossa,LD,SgB11,StB 1-12  09232024_LD,6.0,6,0,0.0734,24.461,1.917444101777938e-14,True,24.40677966,0.012041201
Steatoda grossa,LD,SgB12,StB 1-12  09232024_LD,6.0,6,0,0.0924,24.434,1.0989704111307138e-14,True,24.40677966,1.89e-12
Steatoda grossa,LD,SgB13,StB 13-23 09232024_LD,6.94,6,0,0.0767,23.514,1.657143069349547e-14,True,23.54903839,0.00070029
Steatoda grossa,LD,SgB17,StB 13-23 09232024_LD,6.94,6,1,0.0205,21.806,0.00027193253853777336,True,21.80121427,1.0
Steatoda grossa,LD,SgB20,StB 13-23 09232024_LD,6.94,6,0,0.1031,18.757,1.5093030852673374e-16,True,18.76924884,2.6e-13
Steatoda grossa,LD,SgB22,StB 13-23 09232024_LD,6.94,6,0,0.129,28.272,4.1819483779191344e-11,True,28.20439502,2.12e-11
Steatoda grossa,LD,SgB23,StB 13-23 09232024_LD,6.94,6,1,0.0264,20.781,0.0010645293539472262,True,20.80218707,1.0
Steatoda grossa,DD,SgB1,StB DD 01082024,6.85,6,0,0.0091,20.755,0.0021014218158528024,True,20.79620353,1.0
Steatoda grossa,DD,SgB2,StB DD 01082024,6.85,6,0,0.0323,15.314,1.4862465805586265e-14,True,26.63964877,1.0
Steatoda grossa,DD,SgB3,StB DD 01082024,6.85,6,0,0.0409,25.827,1.1816174284021518e-21,True,25.80307491,1.0
Steatoda grossa,DD,SgB4,StB DD 01082024,6.85,6,0,0.014,24.461,2.11226344100954e-06,True,24.51973889,1.0
Steatoda grossa,DD,SgB5,StB DD 01082024,6.85,6,0,0.3014,15.262,1.5087128530582027e-11,True,24.04145078,3.93e-15
Steatoda grossa,DD,SgB6,StB DD 01082024,6.85,6,0,0.1595,33.081,3.4073098866444132e-09,True,32.0,1.45e-09
Steatoda grossa,DD,SgB11,StB DD 01082024,6.85,6,0,0.0557,26.064,4.003333988238013e-06,True,26.07603306,1.0
Steatoda grossa,DD,SgB12,StB DD 01082024,6.85,6,0,0.0474,24.408,0.008520525316758527,True,24.39839159,1.0
Steatoda grossa,DD,SgB13,StB DD 01082024,6.85,6,0,0.2008,26.09,2.1979095908967885e-22,True,26.07603306,1.45e-39
Steatoda grossa,DD,SgB14,StB DD 01082024,6.85,6,0,0.4717,14.605,3.808221141603347e-09,True,18.39123339,3.0899999999999998e-74
Steatoda grossa,DD,SgB15,StB DD 01082024,6.85,6,0,0.3825,24.066,0.005780314167140405,True,24.04145078,6.26e-16
Steatoda grossa,DD,SgB17,StB DD 01082024,6.85,6,0,0.5598,14.894,1.0228764742059096e-08,True,20.97314544,2.39e-25
Steatoda grossa,DD,SgB18,StB DD 01082024,6.85,6,0,0.0521,14.0,0.004404899928374248,True,25.53577209,1.0
Steatoda grossa,DD,SgB19,StB DD 01082024,6.85,6,0,0.6716,25.013,5.959120135648699e-35,True,25.0174437,0.0
Steatoda grossa,DD,SgB20,StB DD 01082024,6.85,6,0,0.2082,24.697,1.0078704329631398e-23,True,24.64229928,6.55e-63
Steatoda grossa,DD,SgB21,StB DD 01082024,6.85,6,0,0.0462,14.605,0.001966473819963191,True,24.15926493,1.0
Steatoda grossa,DD,SgB22,StB DD 01082024,6.85,6,0,0.1865,14.053,1.367841237432798e-18,True,29.50991395,2.12e-06
Steatoda grossa,DD,SgB23,StB DD 01082024,6.85,6,0,0.1493,14.131,4.111602938447739e-12,True,25.27395066,0.000394956
Steatoda grossa,LL,SgB1,StB LL 081620242,13.81,13,1,0.1521,22.962,4.389627367423399e-18,True,22.97895079,1.5399999999999999e-34
Steatoda grossa,LL,SgB2,StB LL 081620242,13.81,13,0,0.1055,14.368,1.0793666156377253e-10,True,24.26875119,4.2e-07
Steatoda grossa,LL,SgB3,StB LL 081620242,13.81,13,0,0.2101,32.897,8.91541571081768e-24,True,29.35510355,2.8299999999999998e-81
Steatoda grossa,LL,SgB4,StB LL 081620242,13.81,13,0,0.0539,24.119,1.0066141674559664e-08,True,24.15087466,1.0
Steatoda grossa,LL,SgB5,StB LL 081620242,13.81,13,0,0.0301,19.388,0.0004500474878018092,True,19.39385075,1.0
Steatoda grossa,LL,SgB8,StB LL 081620242,13.81,13,0,0.5448,17.522,2.9810867475438875e-28,True,17.51514985,2.34e-277
Steatoda grossa,LL,SgB12,StB LL 081620242,13.81,13,0,0.0707,24.513,0.0005420827954423361,True,24.5079903,1.0
Steatoda grossa,LL,SgB14,StB LL 081620242,13.81,13,1,0.127,15.945,3.13067469387471e-16,True,,
Steatoda grossa,LL,SgB17,StB LL 081620242,13.81,13,2,0.0096,25.643,0.0004561439485771352,True,25.64564613,1.0
Steatoda grossa,LL,SgB18,StB LL 081620242,13.81,13,0,0.101,23.015,1.1107884885014247e-23,True,23.03217168,6.61e-13
Steatoda grossa,LL,SgB21,StB LL 081620242,13.81,13,0,0.816,27.851,8.083576347175217e-45,True,27.87404196,0.0
Steatoda grossa,LL,SgB22,StB LL 081620242,13.81,13,0,0.0899,14.0,3.729394906787912e-11,True,20.38786559,0.401672906
