time_hours,time_minutes,ZT,Larinioides,Agelenopsis,Steatoda
0,0,0,0.08054298642533936,0.425249169435216,0.03533026113671275
0,1,1,0.4943762120232709,0.3704318936877076,0.17665130568356377
0,2,2,0.6396897220426632,0.3131229235880399,0.5599078341013825
0,3,3,0.8298642533936652,0.2915282392026578,0.7250384024577575
0,4,4,0.7595345830639948,0.6013289036544851,0.5568356374807988
0,5,5,0.6118939883645765,0.6245847176079734,0.6205837173579108
0,6,6,0.6739495798319328,0.7142857142857143,0.6612903225806451
0,7,7,0.438655462184874,0.5631229235880398,0.5161290322580644
0,8,8,0.362120232708468,0.4892026578073089,0.6328725038402458
0,9,9,0.3296703296703296,0.5215946843853821,0.5376344086021506
0,10,10,0.31144149967679374,0.7516611295681063,0.44623655913978494
0,11,11,0.21396250808015513,0.53156146179402,0.42473118279569894
0,12,12,0.32773109243697485,0.47342192691029894,0.46236559139784944
0,13,13,0.33173884938590814,0.3397009966777409,0.456989247311828
0,14,14,0.3498383968972204,0.36627906976744184,0.4139784946236559
0,15,15,0.2708468002585649,0.23255813953488372,0.26881720430107525
0,16,16,0.32695539754363284,0.3064784053156146,0.22580645161290322
0,17,17,0.24667097608274077,0.2782392026578073,0.20430107526881722
0,18,18,0.3767291531997414,0.3048172757475083,0.07526881720430106
0,19,19,0.32449903038138334,0.45348837209302323,0.08602150537634408
0,20,20,0.23581124757595343,0.2591362126245847,0.2811059907834101
0,21,21,0.20452488687782805,0.16029900332225913,0.48387096774193544
0,22,22,0.26360698125404003,0.19435215946843856,0.456989247311828
0,23,23,0.19237233354880415,0.5249169435215947,0.2411674347158218
0,24,24,0.24292178409825468,0.32973421926910296,0.29569892473118276
0,25,25,0.07950872656755009,0.3397009966777409,0.42242703533026116
0,26,26,0.1048480930833872,0.4892026578073089,0.4838709677419355
0,27,27,0.15281189398836456,0.46262458471760803,0.5499231950844855
0,28,28,0.11829347123464769,0.49750830564784054,0.3494623655913978
0,29,29,0.12605042016806722,0.3654485049833887,0.44086021505376344
0,30,30,0.17569489334195218,0.5224252491694352,0.3817204301075269
0,31,31,0.10420168067226891,0.451827242524917,0.37096774193548393
0,32,32,0.0394311570782159,0.48421926910299007,0.27419354838709675
0,33,33,0.06024563671622495,0.5564784053156145,0.2150537634408602
0,34,34,0.13186813186813184,0.5091362126245847,0.2903225806451613
0,35,35,0.13173884938590819,0.5406976744186046,0.25806451612903225
0,36,36,0.10497737556561086,0.5307308970099668,0.2726574500768049
0,37,37,0.09360051712992891,0.46511627906976744,0.25268817204301075
0,38,38,0.09877181641887525,0.5539867109634551,0.20967741935483872
0,39,39,0.12540400775694893,0.356312292358804,0.2903225806451613
0,40,40,0.10471881060116355,0.29900332225913623,0.31182795698924737
0,41,41,0.14802844214608918,0.20764119601328904,0.2849462365591398
0,42,42,0.05235940530058177,0.4028239202657807,0.25268817204301075
0,43,43,0.03619909502262443,0.47757475083056483,0.24731182795698925
0,44,44,0.08817065287653524,0.3862126245847176,0.25268817204301075
0,45,45,0.05753070458952813,0.29817275747508304,0.24731182795698922
0,46,46,0.033354880413703936,0.563953488372093,0.13978494623655915
0,47,47,0.10859728506787332,0.20099667774086377,0.04301075268817204
0,48,48,0.030252100840336135,0.4485049833887043,0.28494623655913975
0,49,49,0.07756948933419523,0.3696013289036545,0.20967741935483872
0,50,50,0.11221719457013572,0.4011627906976744,0.22580645161290322
0,51,51,0.05546218487394958,0.20016611295681064,0.2849462365591398
0,52,52,0.05184227537168714,0.3039867109634551,0.08602150537634409
0,53,53,0.033872010342598576,0.45016611295681064,0.2043010752688172
0,54,54,0.019263089851325146,0.5755813953488372,0.20814132104454683
0,55,55,0.02391725921137686,0.3970099667774087,0.11827956989247312
0,56,56,0.04576599870717518,0.4759136212624585,0.13440860215053765
0,57,57,0.027278603749191985,0.45265780730897015,0.016129032258064516
0,58,58,0.03968972204266322,0.4485049833887043,0.04838709677419355
0,59,59,0.037104072398190045,0.5,0.03763440860215054
1,0,60,0.0566257272139625,0.5174418604651163,0.016129032258064516
1,1,61,0.03800904977375566,0.3064784053156146,0.05376344086021505
1,2,62,0.09515190691661281,0.22425249169435219,0.026881720430107524
1,3,63,0.050161603102779576,0.25498338870431897,0.1228878648233487
1,4,64,0.07912087912087912,0.2292358803986711,0.08602150537634408
1,5,65,0.09023917259211378,0.23671096345514955,0.12365591397849461
1,6,66,0.1008403361344538,0.1287375415282392,0.014592933947772656
1,7,67,0.10691661279896573,0.23754152823920263,0.06758832565284177
1,8,68,0.03632837750484809,0.15780730897009967,0.06374807987711213
1,9,69,0.017194570135746608,0.04983388704318937,0.05837173579109063
1,10,70,0.03968972204266322,0.0946843853820598,0.04685099846390169
1,11,71,0.07136393018745961,0.07641196013289037,0.05913978494623656
1,12,72,0.0982546864899806,0.15697674418604654,0.043010752688172046
1,13,73,0.043697478991596636,0.1835548172757475,0.04838709677419355
1,14,74,0.05313510019392372,0.18272425249169436,0.16666666666666669
1,15,75,0.0882999353587589,0.15780730897009967,0.11827956989247312
1,16,76,0.03309631544925662,0.1536544850498339,0.059139784946236555
1,17,77,0.06425339366515836,0.24501661129568103,0.10215053763440861
1,18,78,0.07213962508080154,0.2259136212624585,0.10752688172043011
1,19,79,0.0995475113122172,0.3787375415282392,0.13440860215053763
1,20,80,0.014996767937944409,0.23089700996677737,0.07526881720430106
1,21,81,0.002197802197802198,0.19684385382059802,0.15053763440860213
1,22,82,0.008274078862314157,0.23006644518272423,0.07526881720430108
1,23,83,0.061150614091790574,0.15282392026578073,0.08602150537634409
1,24,84,0.011764705882352941,0.24003322259136212,0.06989247311827958
1,25,85,0.013962508080155138,0.19269102990033224,0.1075268817204301
1,26,86,0.015126050420168067,0.16943521594684388,0.12903225806451613
1,27,87,0.002197802197802198,0.19352159468438537,0.1881720430107527
1,28,88,0.0,0.37790697674418605,0.20430107526881722
1,29,89,0.0,0.4061461794019934,0.1935483870967742
1,30,90,0.008403361344537815,0.29318936877076407,0.04301075268817204
1,31,91,0.015126050420168067,0.34800664451827246,0.10752688172043011
1,32,92,0.0038784744667097614,0.21594684385382057,0.026881720430107527
1,33,93,0.0,0.3737541528239202,0.0391705069124424
1,34,94,0.006593406593406593,0.3471760797342192,0.09370199692780336
1,35,95,0.025210084033613446,0.17940199335548174,0.03609831029185868
1,36,96,0.015126050420168067,0.3181063122923588,0.016129032258064516
1,37,97,0.05817711700064641,0.27906976744186046,0.02150537634408602
1,38,98,0.030252100840336135,0.21594684385382062,0.06451612903225806
1,39,99,0.018487394957983194,0.2807308970099668,0.09677419354838708
1,40,100,0.029088558500323203,0.159468438538206,0.01075268817204301
1,41,101,0.006722689075630252,0.03654485049833887,0.016129032258064516
1,42,102,0.008274078862314157,0.07225913621262457,0.13440860215053765
1,43,103,0.005559146735617324,0.06229235880398671,0.026881720430107527
1,44,104,0.005559146735617324,0.07890365448504984,0.0
1,45,105,0.004395604395604396,0.058970099667774084,0.04838709677419355
1,46,106,0.003361344537815126,0.11544850498338868,0.04301075268817204
1,47,107,0.03296703296703296,0.09302325581395347,0.0
1,48,108,0.0,0.20265780730897012,0.1881720430107527
1,49,109,0.004395604395604396,0.24169435215946844,0.06451612903225806
1,50,110,0.01900452488687783,0.14617940199335547,0.18279569892473116
1,51,111,0.0178409825468649,0.21096345514950166,0.1989247311827957
1,52,112,0.002197802197802198,0.13704318936877075,0.03763440860215054
1,53,113,0.035164835164835165,0.2591362126245847,0.15053763440860216
1,54,114,0.008791208791208791,0.18604651162790697,0.0
1,55,115,0.0,0.14784053156146182,0.0
1,56,116,0.001680672268907563,0.15365448504983387,0.11136712749615975
1,57,117,0.027925016160310272,0.25083056478405313,0.06451612903225806
1,58,118,0.03749191984486102,0.22093023255813954,0.1021505376344086
1,59,119,0.054945054945054944,0.2782392026578073,0.15591397849462366
2,0,120,0.05869424692954104,0.18604651162790697,0.11290322580645161
2,1,121,0.040336134453781515,0.10797342192691028,0.016129032258064516
2,2,122,0.013445378151260503,0.23089700996677742,0.04301075268817204
2,3,123,0.008403361344537815,0.16777408637873756,0.02150537634408602
2,4,124,0.04279250161603103,0.1644518272425249,0.01075268817204301
2,5,125,0.025210084033613446,0.050664451827242524,0.07219662058371736
2,6,126,0.008403361344537815,0.14784053156146182,0.07296466973886329
2,7,127,0.001680672268907563,0.27574750830564787,0.07757296466973887
2,8,128,0.002197802197802198,0.2192691029900332,0.07450076804915513
2,9,129,0.005042016806722689,0.2749169435215947,0.10291858678955454
2,10,130,0.002197802197802198,0.16279069767441862,0.1021505376344086
2,11,131,0.011118293471234648,0.2200996677740864,0.19892473118279572
2,12,132,0.0,0.29900332225913623,0.10829493087557604
2,13,133,0.0,0.18272425249169436,0.053763440860215055
2,14,134,0.0,0.12375415282392026,0.3156682027649769
2,15,135,0.002197802197802198,0.1661129568106312,0.2910906298003072
2,16,136,0.004395604395604396,0.2865448504983389,0.23348694316436253
2,17,137,0.008791208791208791,0.20016611295681064,0.06451612903225806
2,18,138,0.004395604395604396,0.30730897009966773,0.09907834101382487
2,19,139,0.0,0.3347176079734219,0.21198156682027652
2,20,140,0.046153846153846156,0.143687707641196,0.1643625192012289
2,21,141,0.0334841628959276,0.10797342192691028,0.16666666666666669
2,22,142,0.04137039431157079,0.08471760797342194,0.21505376344086022
2,23,143,0.0038784744667097614,0.14700996677740863,0.23118279569892478
2,24,144,0.005559146735617324,0.05066445182724253,0.09139784946236558
2,25,145,0.007756948933419523,0.07059800664451826,0.20967741935483872
2,26,146,0.011118293471234648,0.19435215946843856,0.11059907834101383
2,27,147,0.010471881060116355,0.22093023255813957,0.2849462365591398
2,28,148,0.006593406593406593,0.09219269102990033,0.2903225806451613
2,29,149,0.008791208791208791,0.11544850498338868,0.1989247311827957
2,30,150,0.0,0.2558139534883721,0.16129032258064516
2,31,151,0.0,0.27325581395348836,0.13901689708141324
2,32,152,0.031932773109243695,0.24169435215946847,0.2572964669738863
2,33,153,0.0038784744667097614,0.3347176079734219,0.2649769585253456
2,34,154,0.001680672268907563,0.39285714285714285,0.2488479262672811
2,35,155,0.038526179702650286,0.2666112956810631,0.1251920122887865
2,36,156,0.0,0.1362126245847176,0.19892473118279572
2,37,157,0.012669683257918554,0.19352159468438537,0.30337941628264203
2,38,158,0.041499676793794446,0.29485049833887045,0.15668202764976957
2,39,159,0.006593406593406593,0.20847176079734223,0.14516129032258066
2,40,160,0.0,0.23255813953488372,0.19585253456221197
2,41,161,0.005042016806722689,0.18023255813953487,0.06451612903225806
2,42,162,0.006593406593406593,0.16362126245847175,0.07834101382488479
2,43,163,0.024563671622495155,0.18355481727574752,0.0837173579109063
2,44,164,0.01887524240465417,0.24252491694352163,0.18356374807987713
2,45,165,0.008274078862314157,0.21179401993355482,0.16666666666666666
2,46,166,0.010471881060116355,0.15033222591362125,0.15207373271889402
2,47,167,0.015126050420168067,0.17857142857142855,0.14592933947772657
2,48,168,0.0,0.34800664451827246,0.016129032258064516
2,49,169,0.0,0.16196013289036545,0.08678955453149002
2,50,170,0.0,0.06312292358803986,0.034562211981566816
2,51,171,0.002197802197802198,0.07059800664451826,0.0445468509984639
2,52,172,0.0,0.058970099667774084,0.07834101382488479
2,53,173,0.002197802197802198,0.19019933554817275,0.1251920122887865
2,54,174,0.0,0.21594684385382057,0.13287250384024576
2,55,175,0.010601163542340013,0.29235880398671094,0.052995391705069124
2,56,176,0.0,0.207641196013289,0.07526881720430108
2,57,177,0.01486748545572075,0.22176079734219267,0.15821812596006146
2,58,178,0.010471881060116355,0.05647840531561461,0.12211981566820278
2,59,179,0.001680672268907563,0.09385382059800663,0.21351766513056838
3,0,180,0.007239819004524886,0.30564784053156147,0.11520737327188939
3,1,181,0.005042016806722689,0.3023255813953488,0.09062980030721965
3,2,182,0.015126050420168067,0.28322259136212624,0.05760368663594471
3,3,183,0.0,0.19933554817275748,0.13748079877112135
3,4,184,0.02779573367808662,0.25083056478405313,0.057603686635944694
3,5,185,0.04395604395604396,0.24916943521594687,0.18202764976958527
3,6,186,0.0469295410471881,0.2408637873754153,0.2534562211981567
3,7,187,0.08610213316095669,0.2101328903654485,0.16052227342549924
3,8,188,0.07989657401422107,0.24335548172757476,0.08448540706605223
3,9,189,0.008791208791208791,0.15199335548172757,0.16129032258064516
3,10,190,0.01098901098901099,0.3081395348837209,0.042242703533026116
3,11,191,0.021848739495798318,0.31976744186046513,0.07680491551459294
3,12,192,0.013445378151260503,0.18438538205980068,0.02380952380952381
3,13,193,0.0,0.12458471760797343,0.10368663594470047
3,14,194,0.00607627666451196,0.1287375415282392,0.1228878648233487
3,15,195,0.0038784744667097614,0.25830564784053156,0.15207373271889402
3,16,196,0.0038784744667097614,0.21926910299003322,0.15821812596006146
3,17,197,0.002197802197802198,0.11627906976744186,0.15360983102918585
3,18,198,0.004395604395604396,0.23421926910299004,0.10138248847926265
3,19,199,0.008274078862314157,0.2740863787375415,0.03225806451612903
3,20,200,0.010084033613445379,0.19102990033222594,0.04685099846390169
3,21,201,0.024175824175824177,0.22176079734219267,0.12903225806451613
3,22,202,0.03425985778926956,0.27325581395348836,0.09216589861751151
3,23,203,0.002197802197802198,0.2707641196013289,0.20583717357910908
3,24,204,0.04589528118939883,0.29401993355481726,0.1313364055299539
3,25,205,0.011764705882352941,0.4028239202657807,0.04685099846390169
3,26,206,0.02766645119586296,0.47674418604651164,0.13824884792626727
3,27,207,0.031932773109243695,0.3970099667774086,0.09062980030721965
3,28,208,0.011764705882352941,0.2857142857142857,0.09754224270353302
3,29,209,0.001680672268907563,0.31976744186046513,0.08294930875576036
3,30,210,0.04395604395604396,0.35714285714285715,0.09677419354838708
3,31,211,0.002197802197802198,0.18853820598006646,0.06451612903225806
3,32,212,0.0,0.22342192691029902,0.05069124423963133
3,33,213,0.002197802197802198,0.5058139534883721,0.04147465437788018
3,34,214,0.006593406593406593,0.5390365448504983,0.018433179723502304
3,35,215,0.010084033613445379,0.2707641196013289,0.11981566820276496
3,36,216,0.0038784744667097614,0.32059800664451826,0.09216589861751152
3,37,217,0.014996767937944409,0.29568106312292364,0.06451612903225806
3,38,218,0.001680672268907563,0.2516611295681063,0.14746543778801843
3,39,219,0.013316095669036845,0.30730897009966773,0.06682027649769584
3,40,220,0.011764705882352941,0.28239202657807305,0.09216589861751152
3,41,221,0.015643180349062702,0.3214285714285714,0.0913978494623656
3,42,222,0.025339366515837108,0.3770764119601329,0.042242703533026116
3,43,223,0.03956043956043956,0.41362126245847175,0.08294930875576036
3,44,224,0.0,0.29983388704318936,0.10906298003072196
3,45,225,0.015126050420168067,0.22674418604651161,0.1728110599078341
3,46,226,0.01486748545572075,0.23089700996677742,0.1129032258064516
3,47,227,0.008274078862314157,0.18853820598006646,0.06912442396313363
3,48,228,0.02779573367808662,0.25830564784053156,0.06451612903225806
3,49,229,0.016548157724628313,0.2250830564784053,0.018433179723502304
3,50,230,0.0,0.3338870431893688,0.0967741935483871
3,51,231,0.0,0.3347176079734219,0.05376344086021505
3,52,232,0.004395604395604396,0.3504983388704319,0.06451612903225806
3,53,233,0.011764705882352941,0.3363787375415282,0.019969278033794162
3,54,234,0.001680672268907563,0.313953488372093,0.0998463901689708
3,55,235,0.011764705882352943,0.45930232558139533,0.08832565284178186
3,56,236,0.024046541693600522,0.46760797342192684,0.065284178187404
3,57,237,0.0,0.5157807308970099,0.08294930875576036
3,58,238,0.008403361344537815,0.436046511627907,0.18433179723502305
3,59,239,0.01680672268907563,0.4028239202657807,0.24423963133640553
4,0,240,0.001680672268907563,0.6636212624584718,0.15668202764976957
4,1,241,0.0,0.44352159468438535,0.18509984639016897
4,2,242,0.003361344537815126,0.49501661129568103,0.13364055299539168
4,3,243,0.002197802197802198,0.46594684385382057,0.1889400921658986
4,4,244,0.046153846153846156,0.28322259136212624,0.30414746543778803
4,5,245,0.054427925016160304,0.38122923588039864,0.2196620583717358
4,6,246,0.032579185520361986,0.4127906976744186,0.18433179723502305
4,7,247,0.0,0.4277408637873754,0.1705069124423964
4,8,248,0.010084033613445379,0.42940199335548174,0.13824884792626727
4,9,249,0.001680672268907563,0.51578073089701,0.24884792626728114
4,10,250,0.002197802197802198,0.4784053156146179,0.2726574500768049
4,11,251,0.0,0.3023255813953488,0.23655913978494625
4,12,252,0.0,0.15365448504983387,0.09677419354838708
4,13,253,0.0,0.2699335548172757,0.0967741935483871
4,14,254,0.0,0.19684385382059802,0.08294930875576036
4,15,255,0.001680672268907563,0.35132890365448505,0.22119815668202766
4,16,256,0.004395604395604396,0.2616279069767442,0.14746543778801843
4,17,257,0.0,0.27740863787375414,0.06682027649769584
4,18,258,0.002197802197802198,0.08803986710963455,0.14746543778801846
4,19,259,0.002197802197802198,0.11129568106312292,0.13364055299539168
4,20,260,0.0,0.08554817275747507,0.12442396313364054
4,21,261,0.0,0.09136212624584718,0.2211981566820276
4,22,262,0.003361344537815126,0.20847176079734217,0.2811059907834101
4,23,263,0.003361344537815126,0.17026578073089702,0.1751152073732719
4,24,264,0.011764705882352943,0.14617940199335547,0.2995391705069125
4,25,265,0.00607627666451196,0.12624584717607973,0.24884792626728108
4,26,266,0.03464770523594053,0.1735880398671096,0.13824884792626727
4,27,267,0.033354880413703936,0.2641196013289036,0.12442396313364054
4,28,268,0.029088558500323203,0.12790697674418605,0.11597542242703532
4,29,269,0.023529411764705882,0.15780730897009967,0.1336405529953917
4,30,270,0.00607627666451196,0.3122923588039867,0.09216589861751152
4,31,271,0.005042016806722689,0.2649501661129568,0.03686635944700461
4,32,272,0.005042016806722689,0.3230897009966777,0.0629800307219662
4,33,273,0.001680672268907563,0.24667774086378738,0.07910906298003072
4,34,274,0.008403361344537815,0.313953488372093,0.11981566820276499
4,35,275,0.013833225597931481,0.31478405315614616,0.03686635944700461
4,36,276,0.0,0.3696013289036545,0.13824884792626727
4,37,277,0.0,0.4011627906976744,0.19354838709677422
4,38,278,0.01680672268907563,0.45431893687707636,0.1705069124423963
4,39,279,0.0,0.5024916943521595,0.17511520737327188
4,40,280,0.001680672268907563,0.4667774086378738,0.09600614439324116
4,41,281,0.010601163542340013,0.5980066445182725,0.12135176651305682
4,42,282,0.020685197155785394,0.4833887043189369,0.18970814132104452
4,43,283,0.001680672268907563,0.24335548172757474,0.12442396313364053
4,44,284,0.048222365869424695,0.19352159468438537,0.11981566820276497
4,45,285,0.052100840336134456,0.15033222591362125,0.22580645161290325
4,46,286,0.020168067226890754,0.32392026578073085,0.08448540706605223
4,47,287,0.06386554621848739,0.2350498338870432,0.14055299539170504
4,48,288,0.040336134453781515,0.1893687707641196,0.18433179723502305
4,49,289,0.025210084033613446,0.30481727574750833,0.06451612903225806
4,50,290,0.011764705882352941,0.21760797342192692,0.15207373271889402
4,51,291,0.01098901098901099,0.2807308970099668,0.08371735791090629
4,52,292,0.006593406593406593,0.18770764119601327,0.1643625192012289
4,53,293,0.0,0.15448504983388706,0.1858678955453149
4,54,294,0.002197802197802198,0.415282392026578,0.08755760368663594
4,55,295,0.008791208791208791,0.3380398671096345,0.09523809523809523
4,56,296,0.002197802197802198,0.27491694352159474,0.03302611367127496
4,57,297,0.0,0.2574750830564784,0.08602150537634408
4,58,298,0.0,0.26411960132890366,0.11981566820276499
4,59,299,0.005042016806722689,0.20514950166112955,0.09370199692780336
5,0,300,0.003361344537815126,0.22425249169435216,0.06912442396313363
5,1,301,0.005042016806722689,0.12126245847176077,0.11520737327188939
5,2,302,0.020168067226890758,0.16196013289036545,0.09216589861751151
5,3,303,0.018487394957983194,0.2001661129568106,0.04147465437788018
5,4,304,0.0,0.0980066445182724,0.08294930875576036
5,5,305,0.008403361344537815,0.15448504983388703,0.05990783410138249
5,6,306,0.0,0.13870431893687707,0.12365591397849462
5,7,307,0.021460892049127343,0.17524916943521596,0.03763440860215054
5,8,308,0.002197802197802198,0.1270764119601329,0.042242703533026116
5,9,309,0.0,0.1852159468438538,0.08755760368663594
5,10,310,0.006593406593406593,0.19019933554817273,0.029185867895545312
5,11,311,0.0,0.20265780730897012,0.016129032258064516
5,12,312,0.011764705882352941,0.16943521594684385,0.04608294930875576
5,13,313,0.003361344537815126,0.09551495016611297,0.07910906298003072
5,14,314,0.0,0.09136212624584718,0.018433179723502304
5,15,315,0.0,0.06229235880398671,0.03686635944700461
5,16,316,0.03516483516483516,0.21013289036544852,0.055299539170506916
5,17,317,0.04563671622495152,0.14784053156146182,0.060675883256528416
5,18,318,0.03244990303813833,0.14285714285714285,0.023041474654377878
5,19,319,0.0,0.15199335548172757,0.07142857142857144
5,20,320,0.0,0.12790697674418605,0.023041474654377878
5,21,321,0.026373626373626374,0.2558139534883721,0.019201228878648235
5,22,322,0.035164835164835165,0.1794019933554817,0.04147465437788018
5,23,323,0.0,0.015780730897009966,0.04147465437788018
5,24,324,0.013186813186813187,0.17109634551495018,0.013824884792626727
5,25,325,0.004395604395604396,0.20016611295681064,0.0
5,26,326,0.0,0.23421926910298999,0.023041474654377878
5,27,327,0.0,0.28903654485049834,0.09216589861751152
5,28,328,0.0,0.2259136212624585,0.041474654377880185
5,29,329,0.008403361344537815,0.313953488372093,0.03225806451612903
5,30,330,0.025210084033613446,0.23006644518272423,0.0
5,31,331,0.001680672268907563,0.16362126245847178,0.0
5,32,332,0.0,0.2018272425249169,0.027649769585253454
5,33,333,0.0,0.15614617940199335,0.018433179723502304
5,34,334,0.003361344537815126,0.10465116279069768,0.013824884792626727
5,35,335,0.003361344537815126,0.17940199335548174,0.013824884792626727
5,36,336,0.013445378151260503,0.21179401993355482,0.08602150537634408
5,37,337,0.010084033613445379,0.20764119601328904,0.027649769585253454
5,38,338,0.008403361344537815,0.3313953488372093,0.10983102918586789
5,39,339,0.0,0.2184385382059801,0.050691244239631325
5,40,340,0.013186813186813187,0.07890365448504984,0.12903225806451613
5,41,341,0.017582417582417582,0.009966777408637873,0.11059907834101383
5,42,342,0.0,0.10714285714285711,0.05990783410138249
5,43,343,0.013445378151260503,0.08056478405315613,0.0967741935483871
5,44,344,0.003361344537815126,0.19186046511627908,0.06451612903225805
5,45,345,0.006722689075630252,0.14700996677740863,0.014592933947772656
5,46,346,0.020685197155785394,0.049833887043189355,0.046082949308755755
5,47,347,0.01874595992243051,0.027408637873754152,0.05529953917050691
5,48,348,0.00892049127343245,0.0548172757475083,0.016129032258064516
5,49,349,0.001680672268907563,0.10465116279069768,0.018433179723502304
5,50,350,0.011764705882352943,0.09302325581395349,0.06451612903225806
5,51,351,0.04680025856496445,0.18272425249169436,0.05990783410138249
5,52,352,0.06593406593406594,0.06644518272425248,0.12442396313364054
5,53,353,0.021460892049127343,0.12292358803986711,0.053763440860215055
5,54,354,0.003361344537815126,0.13953488372093023,0.0
5,55,355,0.001680672268907563,0.13953488372093023,0.05683563748079877
5,56,356,0.006722689075630252,0.09136212624584718,0.09293394777265745
5,57,357,0.005042016806722689,0.25,0.030721966205837174
5,58,358,0.0,0.292358803986711,0.009216589861751152
5,59,359,0.012281835811247577,0.15614617940199335,0.004608294930875576
6,0,360,0.010601163542340013,0.18106312292358803,0.07373271889400922
6,1,361,0.006722689075630252,0.21843853820598005,0.16129032258064516
6,2,362,0.021848739495798318,0.15199335548172757,0.19585253456221197
6,3,363,0.0,0.12541528239202657,0.2012288786482335
6,4,364,0.0050420168067226885,0.05813953488372093,0.11981566820276497
6,5,365,0.010084033613445379,0.143687707641196,0.11520737327188939
6,6,366,0.006722689075630252,0.20265780730897012,0.2357910906298003
6,7,367,0.0,0.24501661129568103,0.10599078341013825
6,8,368,0.005042016806722689,0.24169435215946844,0.07373271889400922
6,9,369,0.001680672268907563,0.17275747508305647,0.10138248847926266
6,10,370,0.010084033613445379,0.2200996677740864,0.047619047619047616
6,11,371,0.021848739495798318,0.14202657807308972,0.14823348694316438
6,12,372,0.0,0.14867109634551492,0.03225806451612903
6,13,373,0.006593406593406593,0.10299003322259137,0.10599078341013825
6,14,374,0.005042016806722689,0.16528239202657807,0.14746543778801843
6,15,375,0.015643180349062702,0.17026578073089702,0.12442396313364056
6,16,376,0.01680672268907563,0.29485049833887045,0.018433179723502304
6,17,377,0.008403361344537815,0.10049833887043189,0.03686635944700461
6,18,378,0.008403361344537815,0.06312292358803986,0.05990783410138249
6,19,379,0.006722689075630252,0.12292358803986712,0.14285714285714288
6,20,380,0.005042016806722689,0.132890365448505,0.02764976958525345
6,21,381,0.001680672268907563,0.2508305647840532,0.1889400921658986
6,22,382,0.07472527472527472,0.20182724252491696,0.13671274961597543
6,23,383,0.05442792501616031,0.13538205980066445,0.15668202764976957
6,24,384,0.05326438267614738,0.14285714285714285,0.08448540706605223
6,25,385,0.008403361344537815,0.1985049833887043,0.1812596006144393
6,26,386,0.0,0.12458471760797343,0.13364055299539168
6,27,387,0.02663219133807369,0.08471760797342193,0.0967741935483871
6,28,388,0.0,0.16362126245847178,0.18894009216589863
6,29,389,0.0,0.25830564784053156,0.10599078341013825
6,30,390,0.0,0.2101328903654485,0.05990783410138249
6,31,391,0.006593406593406593,0.2018272425249169,0.02304147465437788
6,32,392,0.008791208791208791,0.18687707641196016,0.004608294930875576
6,33,393,0.008791208791208791,0.23421926910299007,0.04608294930875576
6,34,394,0.0,0.11544850498338871,0.09216589861751152
6,35,395,0.013445378151260503,0.11378737541528237,0.059907834101382486
6,36,396,0.0,0.07475083056478404,0.10599078341013825
6,37,397,0.0,0.15863787375415284,0.1490015360983103
6,38,398,0.0,0.20016611295681064,0.22580645161290322
6,39,399,0.015126050420168067,0.1586378737541528,0.03225806451612903
6,40,400,0.05042016806722689,0.1901993355481728,0.17972350230414746
6,41,401,0.001680672268907563,0.18272425249169436,0.05529953917050691
6,42,402,0.015384615384615384,0.25083056478405313,0.10138248847926266
6,43,403,0.003361344537815126,0.3579734219269103,0.19815668202764977
6,44,404,0.0,0.3322259136212624,0.05990783410138249
6,45,405,0.0,0.32392026578073096,0.046082949308755755
6,46,406,0.020168067226890758,0.34053156146179403,0.05529953917050691
6,47,407,0.0,0.5215946843853821,0.046082949308755755
6,48,408,0.0,0.5681063122923589,0.018433179723502304
6,49,409,0.0,0.4426910299003322,0.0
6,50,410,0.0,0.40199335548172754,0.026881720430107527
6,51,411,0.0,0.5166112956810631,0.03686635944700461
6,52,412,0.0,0.622093023255814,0.08294930875576036
6,53,413,0.0,0.5149501661129569,0.04608294930875576
6,54,414,0.003361344537815126,0.5008305647840531,0.04608294930875576
6,55,415,0.013445378151260503,0.4094684385382059,0.018433179723502304
6,56,416,0.0,0.46594684385382057,0.034562211981566816
6,57,417,0.001680672268907563,0.4144518272425249,0.07450076804915515
6,58,418,0.005559146735617324,0.387873754152824,0.05529953917050691
6,59,419,0.0,0.3081395348837209,0.013824884792626727
7,0,420,0.0,0.2167774086378738,0.04147465437788018
7,1,421,0.0,0.20681063122923588,0.04147465437788018
7,2,422,0.0,0.1777408637873754,0.08371735791090629
7,3,423,0.0050420168067226885,0.20598006644518274,0.014592933947772656
7,4,424,0.018487394957983194,0.3421926910299003,0.046082949308755755
7,5,425,0.0,0.2184385382059801,0.03840245775729647
7,6,426,0.001680672268907563,0.20348837209302326,0.09677419354838708
7,7,427,0.0,0.1362126245847176,0.05145929339477726
7,8,428,0.010084033613445379,0.1511627906976744,0.0
7,9,429,0.008403361344537815,0.1719269102990033,0.02150537634408602
7,10,430,0.002197802197802198,0.26411960132890366,0.0783410138248848
7,11,431,0.0,0.292358803986711,0.11136712749615976
7,12,432,0.04033613445378151,0.3147840531561462,0.009216589861751152
7,13,433,0.018487394957983194,0.5971760797342192,0.04608294930875576
7,14,434,0.0,0.49750830564784054,0.046082949308755755
7,15,435,0.001680672268907563,0.382890365448505,0.052995391705069124
7,16,436,0.0,0.3845514950166113,0.04147465437788018
7,17,437,0.0,0.3920265780730897,0.05069124423963133
7,18,438,0.0,0.35382059800664456,0.027649769585253454
7,19,439,0.015126050420168067,0.3737541528239202,0.018433179723502304
7,20,440,0.03361344537815126,0.38704318936877075,0.026113671274961597
7,21,441,0.03529411764705882,0.32558139534883723,0.11827956989247311
7,22,442,0.01396250808015514,0.4285714285714286,0.06758832565284179
7,23,443,0.020168067226890758,0.3222591362126246,0.10675883256528416
7,24,444,0.003361344537815126,0.18604651162790697,0.03686635944700461
7,25,445,0.010084033613445379,0.22508305647840532,0.027649769585253458
7,26,446,0.002197802197802198,0.2591362126245847,0.004608294930875576
7,27,447,0.0,0.2915282392026578,0.03609831029185868
7,28,448,0.0,0.415282392026578,0.12519201228878646
7,29,449,0.010084033613445379,0.49501661129568103,0.026881720430107527
7,30,450,0.010084033613445377,0.23837209302325577,0.04301075268817204
7,31,451,0.026890756302521007,0.2915282392026578,0.04838709677419355
7,32,452,0.0050420168067226885,0.18770764119601333,0.10291858678955454
7,33,453,0.003361344537815126,0.13704318936877075,0.08371735791090629
7,34,454,0.0,0.04568106312292359,0.1774193548387097
7,35,455,0.0,0.27076411960132896,0.08294930875576037
7,36,456,0.013445378151260503,0.3081395348837209,0.07450076804915513
7,37,457,0.010084033613445379,0.3089700996677741,0.10752688172043011
7,38,458,0.001680672268907563,0.19102990033222594,0.10138248847926266
7,39,459,0.005042016806722689,0.12126245847176077,0.018433179723502304
7,40,460,0.003361344537815126,0.15282392026578073,0.09293394777265745
7,41,461,0.013445378151260503,0.1270764119601329,0.10829493087557604
7,42,462,0.015126050420168067,0.09136212624584716,0.09907834101382487
7,43,463,0.0,0.09385382059800662,0.0890937019969278
7,44,464,0.001680672268907563,0.05398671096345514,0.005376344086021505
7,45,465,0.0,0.17358803986710966,0.028417818740399385
7,46,466,0.006722689075630252,0.12126245847176077,0.0967741935483871
7,47,467,0.003361344537815126,0.24501661129568109,0.2150537634408602
7,48,468,0.007239819004524886,0.2682724252491694,0.1781874039938556
7,49,469,0.001680672268907563,0.21428571428571427,0.0913978494623656
7,50,470,0.003361344537815126,0.19933554817275748,0.0913978494623656
7,51,471,0.010601163542340013,0.1893687707641196,0.08064516129032258
7,52,472,0.015126050420168067,0.2740863787375415,0.06989247311827958
7,53,473,0.01680672268907563,0.3380398671096345,0.11290322580645161
7,54,474,0.0,0.2832225913621263,0.053763440860215055
7,55,475,0.0,0.3347176079734219,0.0
7,56,476,0.006722689075630252,0.4551495016611296,0.0
7,57,477,0.0,0.39119601328903647,0.0
7,58,478,0.0,0.17857142857142855,0.0
7,59,479,0.0,0.1719269102990033,0.03302611367127496
8,0,480,0.007239819004524886,0.24667774086378738,0.013824884792626727
8,1,481,0.007239819004524886,0.1686046511627907,0.05529953917050691
8,2,482,0.002197802197802198,0.09136212624584718,0.05069124423963133
8,3,483,0.009954751131221719,0.05813953488372093,0.0
8,4,484,0.001680672268907563,0.11710963455149502,0.02304147465437788
8,5,485,0.006722689075630252,0.13289036544850497,0.06989247311827956
8,6,486,0.015643180349062702,0.15863787375415284,0.059139784946236555
8,7,487,0.024046541693600515,0.1926910299003322,0.1075268817204301
8,8,488,0.015643180349062702,0.14534883720930233,0.02150537634408602
8,9,489,0.0,0.18355481727574752,0.15821812596006146
8,10,490,0.007239819004524886,0.09883720930232558,0.08448540706605223
8,11,491,0.0,0.10049833887043189,0.09216589861751151
8,12,492,0.001680672268907563,0.25249169435215946,0.09139784946236558
8,13,493,0.001680672268907563,0.196843853820598,0.07834101382488479
8,14,494,0.0,0.25,0.18433179723502302
8,15,495,0.0038784744667097614,0.3554817275747508,0.09523809523809523
8,16,496,0.0,0.29401993355481726,0.12903225806451613
8,17,497,0.0,0.3696013289036545,0.09216589861751152
8,18,498,0.006722689075630252,0.2616279069767442,0.02764976958525345
8,19,499,0.006722689075630252,0.13704318936877077,0.013824884792626727
8,20,500,0.001680672268907563,0.15448504983388706,0.013824884792626727
8,21,501,0.001680672268907563,0.287375415282392,0.027649769585253454
8,22,502,0.015126050420168067,0.30481727574750833,0.027649769585253458
8,23,503,0.030252100840336135,0.26495016611295685,0.12596006144393243
8,24,504,0.03529411764705882,0.38122923588039864,0.11597542242703532
8,25,505,0.013445378151260503,0.3529900332225914,0.045314900153609824
8,26,506,0.005042016806722689,0.13372093023255813,0.07296466973886329
8,27,507,0.0,0.1536544850498339,0.059139784946236555
8,28,508,0.0,0.1868770764119601,0.1205837173579109
8,29,509,0.0,0.3056478405315615,0.35944700460829493
8,30,510,0.004395604395604396,0.2931893687707641,0.1513056835637481
8,31,511,0.0,0.05813953488372093,0.12980030721966204
8,32,512,0.0,0.1511627906976744,0.08448540706605223
8,33,513,0.002197802197802198,0.1910299003322259,0.13671274961597543
8,34,514,0.002197802197802198,0.2259136212624585,0.029185867895545312
8,35,515,0.0,0.2101328903654485,0.09447004608294932
8,36,516,0.0,0.4418604651162791,0.03840245775729647
8,37,517,0.00607627666451196,0.4892026578073089,0.03763440860215054
8,38,518,0.007239819004524886,0.436046511627907,0.03379416282642089
8,39,519,0.010084033613445377,0.23588039867109634,0.045314900153609824
8,40,520,0.001680672268907563,0.15531561461794022,0.06451612903225806
8,41,521,0.006722689075630252,0.06395348837209303,0.19278033794162827
8,42,522,0.003361344537815126,0.1096345514950166,0.1251920122887865
8,43,523,0.0,0.17109634551495018,0.14823348694316435
8,44,524,0.001680672268907563,0.22259136212624583,0.12903225806451613
8,45,525,0.0,0.16279069767441862,0.08448540706605223
8,46,526,0.0,0.21760797342192692,0.1528417818740399
8,47,527,0.0038784744667097614,0.2259136212624585,0.07296466973886329
8,48,528,0.010601163542340013,0.3122923588039867,0.03302611367127496
8,49,529,0.010084033613445379,0.37541528239202654,0.009216589861751152
8,50,530,0.01680672268907563,0.29069767441860467,0.18663594470046083
8,51,531,0.0,0.21843853820598005,0.19662058371735794
8,52,532,0.0,0.3122923588039867,0.12672811059907835
8,53,533,0.006593406593406593,0.2724252491694352,0.12058371735791089
8,54,534,0.0,0.3139534883720931,0.28033794162826425
8,55,535,0.0,0.2591362126245847,0.2227342549923195
8,56,536,0.005559146735617324,0.2865448504983389,0.21812596006144397
8,57,537,0.0,0.4509966777408639,0.10829493087557603
8,58,538,0.018487394957983194,0.29401993355481726,0.1259600614439324
8,59,539,0.007756948933419523,0.4867109634551495,0.13748079877112135
9,0,540,0.00892049127343245,0.5705980066445182,0.16359447004608293
9,1,541,0.0038784744667097614,0.25083056478405313,0.26728110599078336
9,2,542,0.002197802197802198,0.20348837209302326,0.16359447004608293
9,3,543,0.008403361344537815,0.33887043189368776,0.0913978494623656
9,4,544,0.013445378151260503,0.22093023255813954,0.12903225806451613
9,5,545,0.010084033613445379,0.3521594684385382,0.19585253456221194
9,6,546,0.0,0.17857142857142858,0.10752688172043011
9,7,547,0.0,0.22508305647840532,0.10291858678955453
9,8,548,0.0,0.2740863787375415,0.1912442396313364
9,9,549,0.0,0.19186046511627908,0.10906298003072197
9,10,550,0.0,0.2408637873754153,0.17204301075268816
9,11,551,0.0,0.38122923588039864,0.16359447004608293
9,12,552,0.001680672268907563,0.3122923588039867,0.13824884792626727
9,13,553,0.013445378151260503,0.4335548172757475,0.07142857142857144
9,14,554,0.030252100840336135,0.38621262458471756,0.11520737327188939
9,15,555,0.02521008403361345,0.5589700996677741,0.08986175115207373
9,16,556,0.0,0.5149501661129569,0.12135176651305683
9,17,557,0.001680672268907563,0.4368770764119601,0.1390168970814132
9,18,558,0.0,0.39617940199335544,0.10599078341013825
9,19,559,0.005042016806722689,0.292358803986711,0.08064516129032258
9,20,560,0.021202327084680027,0.22259136212624583,0.004608294930875576
9,21,561,0.018487394957983194,0.14950166112956811,0.05990783410138249
9,22,562,0.04085326438267615,0.1868770764119601,0.130568356374808
9,23,563,0.05559146735617323,0.11877076411960132,0.14746543778801843
9,24,564,0.020168067226890758,0.19767441860465115,0.16129032258064516
9,25,565,0.006722689075630252,0.1287375415282392,0.03533026113671275
9,26,566,0.008403361344537813,0.3039867109634552,0.060675883256528416
9,27,567,0.026890756302521007,0.2715946843853821,0.05683563748079876
9,28,568,0.021848739495798318,0.32059800664451826,0.04608294930875576
9,29,569,0.047575953458306404,0.09302325581395349,0.05222734254992319
9,30,570,0.020168067226890754,0.0739202657807309,0.05376344086021505
9,31,571,0.020168067226890758,0.14784053156146182,0.11136712749615976
9,32,572,0.015126050420168067,0.3147840531561462,0.057603686635944694
9,33,573,0.0038784744667097614,0.26578073089701,0.057603686635944694
9,34,574,0.02184873949579832,0.29900332225913623,0.15745007680491552
9,35,575,0.0,0.3122923588039867,0.057603686635944694
9,36,576,0.0,0.1744186046511628,0.0629800307219662
9,37,577,0.0,0.0963455149501661,0.08294930875576036
9,38,578,0.0,0.1320598006644518,0.18433179723502305
9,39,579,0.0,0.11212624584717608,0.17972350230414746
9,40,580,0.0,0.10880398671096346,0.24807987711213517
9,41,581,0.0,0.1303986710963455,0.17665130568356374
9,42,582,0.0,0.20016611295681064,0.14746543778801843
9,43,583,0.04201680672268908,0.19102990033222594,0.2165898617511521
9,44,584,0.013445378151260503,0.1760797342192691,0.13364055299539168
9,45,585,0.0,0.11960132890365448,0.03686635944700461
9,46,586,0.001680672268907563,0.29568106312292364,0.03686635944700461
9,47,587,0.0,0.18770764119601327,0.03225806451612903
9,48,588,0.001680672268907563,0.287375415282392,0.009984639016897081
9,49,589,0.010084033613445379,0.2566445182724253,0.027649769585253454
9,50,590,0.01680672268907563,0.39867109634551495,0.026113671274961597
9,51,591,0.001680672268907563,0.4925249169435216,0.06374807987711213
9,52,592,0.0050420168067226885,0.25664451827242524,0.06605222734254992
9,53,593,0.0,0.2533222591362126,0.046082949308755755
9,54,594,0.0,0.22757475083056475,0.12672811059907832
9,55,595,0.0,0.03903654485049834,0.1543778801843318
9,56,596,0.0038784744667097614,0.09966777408637874,0.07834101382488479
9,57,597,0.001680672268907563,0.1511627906976744,0.11981566820276496
9,58,598,0.001680672268907563,0.07724252491694351,0.10138248847926266
9,59,599,0.001680672268907563,0.28488372093023256,0.08832565284178186
10,0,600,0.0,0.23006644518272423,0.07757296466973886
10,1,601,0.02857142857142857,0.28405315614617943,0.11290322580645161
10,2,602,0.020168067226890758,0.5490033222591362,0.1436251920122888
10,3,603,0.005559146735617324,0.4908637873754153,0.07910906298003073
10,4,604,0.013962508080155138,0.4476744186046512,0.13824884792626727
10,5,605,0.03697478991596639,0.38122923588039864,0.16973886328725035
10,6,606,0.012798965740142212,0.47674418604651164,0.03840245775729646
10,7,607,0.001680672268907563,0.49916943521594687,0.10983102918586789
10,8,608,0.012281835811247577,0.4460132890365449,0.055299539170506916
10,9,609,0.013445378151260503,0.5240863787375415,0.023041474654377878
10,10,610,0.01900452488687783,0.4725913621262458,0.059907834101382486
10,11,611,0.01680672268907563,0.3579734219269103,0.02304147465437788
10,12,612,0.011764705882352943,0.15946843853820597,0.10675883256528416
10,13,613,0.003361344537815126,0.3787375415282392,0.10138248847926266
10,14,614,0.009437621202327084,0.3380398671096346,0.07373271889400922
10,15,615,0.011764705882352941,0.26245847176079734,0.059907834101382486
10,16,616,0.01900452488687783,0.17026578073089702,0.058371735791090625
10,17,617,0.02857142857142857,0.23421926910299004,0.07910906298003073
10,18,618,0.014479638009049773,0.1926910299003322,0.33410138248847926
10,19,619,0.013445378151260503,0.18438538205980068,0.1651305683563748
10,20,620,0.010084033613445379,0.17524916943521596,0.040706605222734255
10,21,621,0.015126050420168067,0.21345514950166108,0.2665130568356375
10,22,622,0.015643180349062702,0.1794019933554817,0.24423963133640553
10,23,623,0.03865546218487395,0.16029900332225913,0.10599078341013826
10,24,624,0.031932773109243695,0.17940199335548174,0.08294930875576036
10,25,625,0.030252100840336135,0.37790697674418605,0.023041474654377878
10,26,626,0.018487394957983194,0.21677740863787376,0.0
10,27,627,0.026890756302521007,0.3064784053156146,0.029953917050691246
10,28,628,0.02521008403361345,0.40448504983388706,0.040706605222734255
10,29,629,0.023529411764705885,0.4551495016611295,0.1528417818740399
10,30,630,0.031932773109243695,0.3596345514950166,0.13364055299539168
10,31,631,0.017323852617970266,0.34800664451827246,0.09216589861751152
10,32,632,0.013445378151260503,0.42441860465116277,0.05145929339477726
10,33,633,0.02184873949579832,0.37790697674418605,0.15668202764976957
10,34,634,0.023529411764705885,0.3073089700996678,0.1812596006144393
10,35,635,0.01680672268907563,0.34053156146179403,0.17204301075268816
10,36,636,0.008403361344537815,0.30066445182724255,0.12903225806451613
10,37,637,0.003361344537815126,0.2815614617940199,0.1405529953917051
10,38,638,0.008403361344537815,0.1569767441860465,0.09831029185867897
10,39,639,0.006722689075630252,0.3538205980066445,0.025345622119815666
10,40,640,0.001680672268907563,0.18023255813953487,0.07680491551459294
10,41,641,0.0,0.2815614617940199,0.029185867895545312
10,42,642,0.011764705882352941,0.2649501661129568,0.09216589861751152
10,43,643,0.005559146735617324,0.4144518272425249,0.027649769585253454
10,44,644,0.005042016806722689,0.43936877076411956,0.19278033794162827
10,45,645,0.00892049127343245,0.3172757475083056,0.06989247311827958
10,46,646,0.0050420168067226885,0.4983388704318937,0.055299539170506916
10,47,647,0.020685197155785394,0.3355481727574751,0.06451612903225806
10,48,648,0.025210084033613446,0.29651162790697677,0.07296466973886329
10,49,649,0.01680672268907563,0.3081395348837209,0.07373271889400922
10,50,650,0.05882352941176471,0.36046511627906974,0.10138248847926266
10,51,651,0.026890756302521007,0.17607973421926912,0.09831029185867896
10,52,652,0.048093083387201044,0.09385382059800663,0.08755760368663594
10,53,653,0.015126050420168067,0.23421926910299004,0.06912442396313363
10,54,654,0.010084033613445379,0.292358803986711,0.08755760368663595
10,55,655,0.03361344537815126,0.19767441860465115,0.050691244239631325
10,56,656,0.03361344537815126,0.13122923588039867,0.07373271889400922
10,57,657,0.03865546218487395,0.2632890365448505,0.11827956989247311
10,58,658,0.018487394957983194,0.21843853820598005,0.03225806451612903
10,59,659,0.031932773109243695,0.23920265780730895,0.09907834101382487
11,0,660,0.010084033613445379,0.3488372093023256,0.065284178187404
11,1,661,0.02184873949579832,0.1586378737541528,0.004608294930875576
11,2,662,0.015126050420168067,0.1345514950166113,0.018433179723502304
11,3,663,0.011764705882352941,0.23338870431893685,0.0576036866359447
11,4,664,0.015126050420168067,0.16362126245847175,0.10445468509984639
11,5,665,0.04369747899159664,0.2649501661129568,0.005376344086021505
11,6,666,0.04201680672268908,0.29069767441860467,0.018433179723502304
11,7,667,0.0504201680672269,0.19352159468438537,0.0
11,8,668,0.055462184873949584,0.17026578073089702,0.0
11,9,669,0.08907563025210084,0.22508305647840532,0.06451612903225806
11,10,670,0.03865546218487395,0.2915282392026578,0.056067588325652847
11,11,671,0.019521654815772463,0.3272425249169435,0.14055299539170504
11,12,672,0.025210084033613446,0.3637873754152824,0.10752688172043011
11,13,673,0.03296703296703296,0.35714285714285715,0.08832565284178187
11,14,674,0.020168067226890754,0.5149501661129567,0.1635944700460829
11,15,675,0.015126050420168067,0.5963455149501662,0.12135176651305683
11,16,676,0.0,0.7300664451827243,0.0552995391705069
11,17,677,0.03361344537815126,0.5705980066445182,0.0944700460829493
11,18,678,0.02857142857142857,0.3521594684385382,0.09062980030721965
11,19,679,0.05261797026502909,0.32392026578073096,0.10829493087557604
11,20,680,0.04537815126050421,0.4808970099667775,0.1466973886328725
11,21,681,0.030252100840336135,0.3023255813953488,0.1205837173579109
11,22,682,0.023529411764705882,0.2965116279069767,0.21428571428571427
11,23,683,0.018487394957983194,0.48006644518272423,0.13824884792626727
11,24,684,0.025210084033613446,0.451827242524917,0.07373271889400922
11,25,685,0.02857142857142857,0.4036544850498338,0.14976958525345624
11,26,686,0.026890756302521007,0.27990033222591365,0.19892473118279572
11,27,687,0.05145442792501616,0.25996677740863783,0.20506912442396313
11,28,688,0.03529411764705882,0.276578073089701,0.14592933947772654
11,29,689,0.02857142857142857,0.28322259136212624,0.1705069124423963
11,30,690,0.008403361344537815,0.42441860465116277,0.15821812596006146
11,31,691,0.01680672268907563,0.45265780730897,0.2480798771121352
11,32,692,0.010084033613445379,0.46594684385382057,0.2403993855606759
11,33,693,0.006722689075630252,0.4858803986710962,0.21812596006144394
11,34,694,0.021848739495798318,0.28322259136212624,0.2649769585253456
11,35,695,0.04033613445378151,0.22674418604651161,0.16666666666666669
11,36,696,0.03361344537815126,0.20348837209302326,0.1436251920122888
11,37,697,0.0334841628959276,0.20930232558139536,0.10829493087557604
11,38,698,0.0497737556561086,0.29900332225913623,0.09293394777265745
11,39,699,0.03865546218487395,0.3122923588039867,0.1989247311827957
11,40,700,0.048739495798319335,0.1985049833887043,0.053763440860215055
11,41,701,0.054298642533936646,0.2616279069767442,0.10061443932411675
11,42,702,0.0722689075630252,0.10714285714285715,0.056067588325652847
11,43,703,0.08067226890756303,0.09966777408637874,0.1367127496159754
11,44,704,0.05042016806722689,0.0946843853820598,0.17281105990783413
11,45,705,0.06554621848739495,0.14617940199335547,0.1543778801843318
11,46,706,0.059340659340659345,0.23588039867109636,0.09216589861751152
11,47,707,0.04873949579831933,0.23920265780730895,0.09216589861751151
11,48,708,0.04253393665158371,0.23671096345514947,0.06912442396313363
11,49,709,0.01680672268907563,0.2973421926910299,0.052995391705069124
11,50,710,0.03800904977375565,0.28820598006644516,0.04992319508448541
11,51,711,0.03529411764705882,0.3247508305647841,0.05069124423963133
11,52,712,0.023529411764705882,0.29734219269102985,0.04301075268817204
11,53,713,0.02236586942469295,0.19435215946843856,0.16129032258064516
11,54,714,0.01680672268907563,0.3712624584717608,0.08141321044546851
11,55,715,0.07563025210084032,0.24501661129568109,0.04377880184331798
11,56,716,0.03865546218487395,0.33554817275747506,0.09216589861751151
11,57,717,0.03413057530704589,0.37790697674418605,0.13287250384024576
11,58,718,0.03749191984486102,0.2865448504983389,0.10368663594470047
11,59,719,0.05856496444731738,0.13122923588039867,0.14055299539170504
12,0,720,0.06632191338073691,0.3397009966777409,0.12135176651305682
12,1,721,0.1582417582417582,0.9056478405315614,0.1920122887864823
12,2,722,0.08312863606981254,0.6232558139534885,0.2150537634408602
12,3,723,0.10769230769230768,0.4937984496124032,0.043010752688172046
12,4,724,0.2745959922430511,0.5364341085271318,0.08064516129032258
12,5,725,0.27149321266968324,0.4472868217054264,0.01075268817204301
12,6,726,0.12617970265029088,0.772093023255814,0.09139784946236558
12,7,727,0.13820297349709112,0.5658914728682171,0.20967741935483872
12,8,728,0.08661926308985131,0.8023255813953488,0.15591397849462366
12,9,729,0.06580478345184226,0.7565891472868217,0.09139784946236558
12,10,730,0.10277957336780867,1.0434108527131782,0.11290322580645161
12,11,731,0.1257918552036199,1.0410852713178294,0.15053763440860216
12,12,732,0.11105365223012284,1.0240310077519383,0.10215053763440861
12,13,733,0.1123464770523594,0.8713178294573644,0.10752688172043011
12,14,734,0.1671622495151907,0.9581395348837208,0.07526881720430106
12,15,735,0.2208144796380091,1.0271317829457365,0.08602150537634408
12,16,736,0.18978668390433096,1.393798449612403,0.12903225806451613
12,17,737,0.23981900452488683,0.9976744186046511,0.07526881720430108
12,18,738,0.2277957336780866,0.9790697674418601,0.12903225806451613
12,19,739,0.2377504848093083,0.996124031007752,0.12365591397849461
12,20,740,0.2752424046541693,0.7806201550387596,0.20967741935483872
12,21,741,0.2669683257918552,0.9302325581395348,0.17204301075268819
12,22,742,0.3472527472527473,1.2147286821705428,0.19892473118279572
12,23,743,0.36043956043956044,1.3007751937984495,0.23118279569892475
12,24,744,0.32036199095022616,1.1573643410852714,0.27419354838709675
12,25,745,0.3866839043309632,1.1937984496124032,0.13440860215053765
12,26,746,0.3045895281189399,1.3465116279069766,0.4086021505376344
12,27,747,0.3667744020685197,1.110077519379845,0.33333333333333337
12,28,748,0.3959922430510665,1.3147286821705426,0.4408602150537635
12,29,749,0.4142210730446024,1.3891472868217052,0.5483870967741935
12,30,750,0.5017453135100194,1.3255813953488371,0.456989247311828
12,31,751,0.41926308985132515,1.2124031007751936,0.3548387096774194
12,32,752,0.48312863606981243,1.5589147286821712,0.41397849462365593
12,33,753,0.5347123464770523,1.2457364341085273,0.5161290322580645
12,34,754,0.5893988364576601,1.175968992248062,0.5000000000000001
12,35,755,0.43852617970265023,1.069767441860465,0.22043010752688175
12,36,756,0.45585003232062066,1.1635658914728684,0.4086021505376344
12,37,757,0.6248222365869425,1.0023255813953487,0.45161290322580644
12,38,758,0.6394311570782161,0.9875968992248062,0.25268817204301075
12,39,759,0.7254040077569489,0.9984496124031008,0.3118279569892473
12,40,760,0.6305106658047835,1.069767441860465,0.3763440860215054
12,41,761,0.6814479638009049,1.0271317829457365,0.47849462365591394
12,42,762,0.727601809954751,1.068217054263566,0.44086021505376344
12,43,763,0.6743374272786038,1.2899224806201552,0.6021505376344086
12,44,764,0.7967679379444087,0.9736434108527132,0.32795698924731187
12,45,765,0.7910795087265674,0.9434108527131783,0.43548387096774205
12,46,766,0.6465416936005173,0.4906976744186047,0.5161290322580645
12,47,767,0.6461538461538462,0.7821705426356589,0.7473118279569892
12,48,768,0.7678086619263089,0.6426356589147286,0.7795698924731184
12,49,769,0.6558500323206203,0.7209302325581396,1.0483870967741935
12,50,770,0.7957336780866194,0.6209302325581394,0.9408602150537633
12,51,771,0.8287007110536523,0.7875968992248062,0.8064516129032256
12,52,772,0.6968325791855203,0.917829457364341,1.086021505376344
12,53,773,0.7638009049773757,0.6147286821705427,1.0483870967741937
12,54,774,0.7528118939883647,0.5387596899224807,1.2634408602150538
12,55,775,0.7049773755656108,0.6992248062015503,1.1021505376344085
12,56,776,0.6493859082094374,0.7077519379844961,1.1182795698924732
12,57,777,1.0219780219780221,0.6286821705426356,1.053763440860215
12,58,778,0.9798319327731091,0.6255813953488372,1.150537634408602
12,59,779,0.873044602456367,1.0558139534883724,0.8333333333333334
13,0,780,0.8153846153846153,0.9875968992248061,1.1344086021505375
13,1,781,0.7829347123464772,0.8480620155038758,1.1021505376344085
13,2,782,0.7850032320620556,0.6302325581395348,1.3387096774193548
13,3,783,0.9247575953458305,0.5573643410852712,1.0268817204301075
13,4,784,0.8804137039431159,0.6844961240310078,1.0913978494623655
13,5,785,0.895798319327731,0.7317829457364341,1.2634408602150535
13,6,786,0.9210084033613445,0.7558139534883721,0.9838709677419354
13,7,787,0.7835811247575954,0.7596899224806203,1.1774193548387097
13,8,788,0.7724628312863608,0.7961240310077518,1.0860215053763442
13,9,789,0.8210730446024564,1.134108527131783,0.946236559139785
13,10,790,0.7820297349709114,1.0410852713178294,1.0698924731182795
13,11,791,0.7636716224951519,0.7395348837209305,1.1021505376344087
13,12,792,0.8608920491273432,0.8387596899224808,1.150537634408602
13,13,793,0.9507433742727861,0.7999999999999998,1.403225806451613
13,14,794,0.8982546864899807,0.6782945736434107,1.4838709677419353
13,15,795,0.9111829347123462,0.8294573643410854,1.1451612903225807
13,16,796,0.8814479638009052,0.9968992248062015,1.3602150537634405
13,17,797,0.7913380736910147,0.7434108527131783,1.150537634408602
13,18,798,0.7507433742727858,0.7829457364341085,1.2365591397849462
13,19,799,0.7044602456367163,0.7310077519379845,1.139784946236559
13,20,800,0.7213962508080155,1.0046511627906978,1.1720430107526885
13,21,801,0.6237879767291532,1.04031007751938,1.0376344086021505
13,22,802,0.6515837104072397,0.7953488372093023,0.8118279569892473
13,23,803,0.8425339366515838,0.5720930232558138,1.021505376344086
13,24,804,0.8252100840336134,0.7155038759689922,0.9354838709677419
13,25,805,0.6514544279250162,0.9062015503875971,0.9354838709677418
13,26,806,0.8307692307692307,0.7410852713178293,0.8978494623655915
13,27,807,0.7780219780219781,0.6666666666666667,0.8225806451612903
13,28,808,0.8479638009049772,0.7186046511627907,0.8655913978494624
13,29,809,0.7899159663865547,0.5426356589147288,0.5053763440860215
13,30,810,0.8115061409179055,0.4813953488372093,0.6182795698924731
13,31,811,0.7753070458952814,0.5705426356589147,0.6290322580645162
13,32,812,0.893212669683258,0.8573643410852714,0.48924731182795694
13,33,813,0.8274078862314156,0.6527131782945738,0.6451612903225806
13,34,814,0.847446670976083,0.44418604651162785,0.609062980030722
13,35,815,0.7971557853910793,0.5069767441860465,0.7434715821812597
13,36,816,1.0212023270846802,0.6728682170542636,0.7188940092165899
13,37,817,0.8568842921784097,0.43798449612403095,0.6075268817204302
13,38,818,0.7725921137685844,0.4620155038759689,0.42857142857142866
13,39,819,0.759405300581771,0.5372093023255814,0.5560675883256528
13,40,820,0.7195862960568842,0.5170542635658913,0.5138248847926268
13,41,821,0.7674208144796381,0.5232558139534883,0.5053763440860214
13,42,822,0.8687782805429863,0.43100775193798446,0.35176651305683565
13,43,823,0.7547511312217196,0.631782945736434,0.4262672811059908
13,44,824,0.6892049127343245,0.6852713178294573,0.3817204301075268
13,45,825,0.6616677440206852,0.7604651162790699,0.31105990783410137
13,46,826,0.5830639948287006,0.7922480620155039,0.6082949308755762
13,47,827,0.6204266321913381,0.6317829457364341,0.40399385560675877
13,48,828,0.5868131868131867,0.6286821705426355,0.5130568356374808
13,49,829,0.5239819004524886,0.5279069767441861,0.33717357910906304
13,50,830,0.5755656108597285,0.4108527131782946,0.6482334869431644
13,51,831,0.5076923076923077,0.5201550387596898,0.4078341013824884
13,52,832,0.5824175824175823,0.3372093023255815,0.575268817204301
13,53,833,0.8005171299288946,0.26201550387596895,0.4631336405529954
13,54,834,0.770523594053006,0.3883720930232558,0.6029185867895545
13,55,835,0.7061409179056237,0.3627906976744186,0.5798771121351766
13,56,836,0.7009696186166775,0.35271317829457366,0.5529953917050691
13,57,837,0.682611506140918,0.3697674418604651,0.5023041474654378
13,58,838,0.6254686489980605,0.3666666666666667,0.3026113671274961
13,59,839,0.578021978021978,0.24883720930232556,0.3087557603686636
14,0,840,0.623141564318035,0.21085271317829457,0.25806451612903225
14,1,841,0.555268261150614,0.47286821705426363,0.42933947772657455
14,2,842,0.4978668390433097,0.5271317829457365,0.35176651305683565
14,3,843,0.5004524886877827,0.3147286821705426,0.2089093701996928
14,4,844,0.5557853910795085,0.4232558139534884,0.3778801843317972
14,5,845,0.5228183581124757,0.513953488372093,0.27572964669738864
14,6,846,0.47782805429864256,0.424031007751938,0.32949308755760365
14,7,847,0.5414350355526825,0.434108527131783,0.34869431643625187
14,8,848,0.5647058823529411,0.6054263565891471,0.5261136712749617
14,9,849,0.6535229476405946,0.5503875968992248,0.33947772657450076
14,10,850,0.5440206851971556,0.33720930232558144,0.499231950844854
14,11,851,0.5129928894634777,0.38759689922480617,0.34562211981566826
14,12,852,0.4393018745959922,0.4511627906976743,0.23271889400921658
14,13,853,0.4788623141564317,0.5829457364341085,0.33794162826420887
14,14,854,0.5329023917259211,0.4945736434108527,0.26036866359447003
14,15,855,0.5232062055591467,0.4953488372093023,0.14285714285714288
14,16,856,0.5425985778926956,0.5139534883720931,0.1543778801843318
14,17,857,0.48558500323206216,0.4449612403100775,0.019969278033794162
14,18,858,0.4213316095669037,0.4356589147286822,0.07373271889400922
14,19,859,0.454169360051713,0.4589147286821705,0.1436251920122888
14,20,860,0.49579831932773105,0.4782945736434108,0.11290322580645161
14,21,861,0.527601809954751,0.3348837209302325,0.16666666666666669
14,22,862,0.5353587588881705,0.33333333333333337,0.04915514592933948
14,23,863,0.47188106011635417,0.57984496124031,0.047619047619047616
14,24,864,0.5684550743374271,0.44573643410852715,0.0314900153609831
14,25,865,0.5555268261150615,0.3914728682170541,0.08064516129032258
14,26,866,0.5791855203619908,0.5837209302325581,0.09600614439324116
14,27,867,0.5197155785391078,0.3193798449612403,0.05069124423963133
14,28,868,0.5899159663865545,0.6844961240310078,0.03225806451612903
14,29,869,0.5260504201680672,0.34883720930232553,0.04838709677419355
14,30,870,0.550355526826115,0.38372093023255816,0.06989247311827956
14,31,871,0.45029088558500324,0.4201550387596899,0.043010752688172046
14,32,872,0.46296056884292175,0.4317829457364341,0.08602150537634408
14,33,873,0.4328377504848093,0.3085271317829458,0.04301075268817204
14,34,874,0.5449256625727212,0.29224806201550385,0.24347158218125955
14,35,875,0.5007110536522301,0.1744186046511628,0.1935483870967742
14,36,876,0.5370394311570782,0.3356589147286822,0.06912442396313363
14,37,877,0.5451842275371688,0.4093023255813954,0.1359447004608295
14,38,878,0.5840982546864899,0.5201550387596898,0.13671274961597543
14,39,879,0.5669036845507434,0.33643410852713174,0.16359447004608293
14,40,880,0.5172592113768584,0.6488372093023256,0.03149001536098311
14,41,881,0.5076923076923077,0.30310077519379847,0.1075268817204301
14,42,882,0.5199741435035553,0.37984496124031003,0.1466973886328725
14,43,883,0.5577246283128636,0.29224806201550385,0.11904761904761904
14,44,884,0.5892695539754363,0.4062015503875969,0.206605222734255
14,45,885,0.5828054298642534,0.345736434108527,0.17281105990783413
14,46,886,0.5773755656108598,0.3984496124031008,0.11827956989247311
14,47,887,0.4960568842921785,0.3627906976744186,0.2380952380952381
14,48,888,0.4637362637362638,0.6170542635658915,0.24347158218125958
14,49,889,0.3656108597285068,0.7395348837209301,0.14823348694316435
14,50,890,0.35526826115061416,0.6093023255813953,0.07526881720430106
14,51,891,0.45959922430510664,0.4620155038759689,0.2457757296466974
14,52,892,0.34996767937944406,0.2627906976744186,0.04761904761904762
14,53,893,0.44692954104718813,0.15426356589147286,0.03686635944700461
14,54,894,0.4355526826115061,0.23643410852713176,0.07757296466973886
14,55,895,0.604137039431157,0.3868217054263565,0.0890937019969278
14,56,896,0.4275371687136393,0.3,0.261136712749616
14,57,897,0.4683904330963153,0.30930232558139525,0.15053763440860213
14,58,898,0.5014867485455721,0.4093023255813953,0.2035330261136713
14,59,899,0.40956690368455073,0.40232558139534885,0.06374807987711212
15,0,900,0.5063994828700711,0.38914728682170535,0.22043010752688175
15,1,901,0.4393018745959922,0.486046511627907,0.29569892473118276
15,2,902,0.48933419521654825,0.39147286821705424,0.3172043010752688
15,3,903,0.3640594699418229,0.3441860465116279,0.18202764976958524
15,4,904,0.4336134453781512,0.38139534883720927,0.12135176651305682
15,5,905,0.29036845507433734,0.3542635658914728,0.1758832565284178
15,6,906,0.2857142857142857,0.3441860465116278,0.33333333333333337
15,7,907,0.31557853910795086,0.18914728682170545,0.18356374807987713
15,8,908,0.34841628959276016,0.3085271317829458,0.28417818740399386
15,9,909,0.3193277310924369,0.41937984496124026,0.19354838709677422
15,10,910,0.36418875242404647,0.47674418604651153,0.2688172043010753
15,11,911,0.35151906916612796,0.41395348837209306,0.12980030721966204
15,12,912,0.39185520361990944,0.27054263565891473,0.24500768049155144
15,13,913,0.44886877828054306,0.289922480620155,0.17741935483870966
15,14,914,0.4134453781512605,0.2527131782945737,0.2150537634408602
15,15,915,0.37453135100193924,0.34651162790697665,0.25268817204301075
15,16,916,0.44460245636716217,0.3829457364341085,0.14516129032258066
15,17,917,0.4826115061409179,0.26356589147286824,0.06989247311827956
15,18,918,0.4429217840982546,0.27984496124031005,0.059139784946236555
15,19,919,0.4515837104072399,0.3147286821705426,0.13978494623655913
15,20,920,0.5339366515837104,0.47519379844961235,0.16129032258064516
15,21,921,0.41473820297349706,0.4472868217054264,0.2043010752688172
15,22,922,0.38810601163542335,0.41007751937984493,0.14516129032258066
15,23,923,0.4098254686489981,0.2736434108527132,0.1228878648233487
15,24,924,0.4031027795733679,0.35968992248062015,0.13978494623655913
15,25,925,0.4005171299288947,0.5294573643410854,0.10752688172043011
15,26,926,0.4009049773755656,0.33100775193798454,0.14516129032258066
15,27,927,0.4619263089851325,0.3069767441860465,0.12365591397849461
15,28,928,0.3535875888817065,0.324031007751938,0.03225806451612903
15,29,929,0.3157078215901745,0.37131782945736436,0.13978494623655915
15,30,930,0.27653522947640596,0.30620155038759683,0.026881720430107524
15,31,931,0.3617323852617971,0.41937984496124026,0.05376344086021505
15,32,932,0.32773109243697474,0.3093023255813954,0.21505376344086022
15,33,933,0.3269553975436328,0.25813953488372093,0.14516129032258066
15,34,934,0.25921137685843565,0.22635658914728685,0.1075268817204301
15,35,935,0.2522301228183581,0.20852713178294577,0.08064516129032256
15,36,936,0.30665804783451844,0.4170542635658915,0.0967741935483871
15,37,937,0.36289592760181,0.3651162790697674,0.08602150537634409
15,38,938,0.34130575307045896,0.24651162790697673,0.053763440860215055
15,39,939,0.29295410471881056,0.2736434108527132,0.07757296466973886
15,40,940,0.3211376858435681,0.24728682170542635,0.14823348694316435
15,41,941,0.32501616031027797,0.3689922480620155,0.016129032258064516
15,42,942,0.48054298642533916,0.32790697674418606,0.053763440860215055
15,43,943,0.3444085326438268,0.4565891472868217,0.06451612903225806
15,44,944,0.3332902391725921,0.5534883720930232,0.04301075268817204
15,45,945,0.29696186166774396,0.5085271317829456,0.053763440860215055
15,46,946,0.3140271493212669,0.6922480620155039,0.04838709677419355
15,47,947,0.24731738849385906,0.5015503875968992,0.07526881720430108
15,48,948,0.25546218487394956,0.43643410852713177,0.026881720430107524
15,49,949,0.3301874595992243,0.5457364341085271,0.03149001536098311
15,50,950,0.3021331609566903,0.5596899224806201,0.15898617511520738
15,51,951,0.3349709114414997,0.5263565891472868,0.11597542242703532
15,52,952,0.31622495151906926,0.5674418604651161,0.041474654377880185
15,53,953,0.26851971557853904,0.431782945736434,0.09754224270353302
15,54,954,0.2730446024563671,0.569767441860465,0.026881720430107524
15,55,955,0.34945054945054943,0.41782945736434096,0.03763440860215053
15,56,956,0.21913380736910149,0.32868217054263565,0.005376344086021505
15,57,957,0.2656755009696186,0.434108527131783,0.026881720430107527
15,58,958,0.32798965740142205,0.37674418604651155,0.04838709677419355
15,59,959,0.24925662572721394,0.4038759689922481,0.04301075268817204
16,0,960,0.2906270200387847,0.41705426356589154,0.12365591397849462
16,1,961,0.3168713639301874,0.43100775193798446,0.12903225806451613
16,2,962,0.21189398836457657,0.5821705426356588,0.0
16,3,963,0.1919844861021332,0.5209302325581395,0.0967741935483871
16,4,964,0.22947640594699417,0.5503875968992248,0.03763440860215054
16,5,965,0.2877828054298642,0.38449612403100764,0.15053763440860216
16,6,966,0.4055591467356173,0.3093023255813953,0.03225806451612903
16,7,967,0.3873303167420815,0.43798449612403095,0.005376344086021505
16,8,968,0.4624434389140271,0.44961240310077516,0.01075268817204301
16,9,969,0.38564964447317385,0.5472868217054263,0.005376344086021505
16,10,970,0.3759534583063995,0.5782945736434109,0.02150537634408602
16,11,971,0.35177763413057533,0.49689922480620163,0.06989247311827956
16,12,972,0.33264382676147375,0.5457364341085271,0.059139784946236555
16,13,973,0.2340012928248222,0.43953488372093014,0.026881720430107527
16,14,974,0.301874595992243,0.4170542635658915,0.06989247311827956
16,15,975,0.3228183581124758,0.5790697674418606,0.026881720430107527
16,16,976,0.19469941822882997,0.4891472868217054,0.03225806451612903
16,17,977,0.24628312863606985,0.5457364341085271,0.0967741935483871
16,18,978,0.20219780219780217,0.4844961240310077,0.11827956989247312
16,19,979,0.3004524886877828,0.45193798449612405,0.06451612903225806
16,20,980,0.32010342598577896,0.337984496124031,0.016129032258064516
16,21,981,0.3203619909502262,0.393798449612403,0.08064516129032258
16,22,982,0.2752424046541693,0.46356589147286836,0.06989247311827958
16,23,983,0.2882999353587588,0.46899224806201545,0.04838709677419355
16,24,984,0.3451842275371687,0.49147286821705427,0.05913978494623656
16,25,985,0.40193923723335484,0.7589147286821706,0.06989247311827956
16,26,986,0.3228183581124758,0.5201550387596898,0.07526881720430108
16,27,987,0.3445378151260505,0.5108527131782945,0.06451612903225806
16,28,988,0.4330963154492566,0.31627906976744186,0.053763440860215055
16,29,989,0.3750484809308338,0.5240310077519379,0.11367127496159754
16,30,990,0.4314156431803491,0.3325581395348837,0.10675883256528416
16,31,991,0.44434389140271485,0.475968992248062,0.08064516129032258
16,32,992,0.37362637362637363,0.3,0.09062980030721966
16,33,993,0.388623141564318,0.1922480620155039,0.09216589861751152
16,34,994,0.33096315449256625,0.3542635658914728,0.04838709677419355
16,35,995,0.29644473173884933,0.3062015503875969,0.04301075268817204
16,36,996,0.2237879767291532,0.32170542635658916,0.19662058371735794
16,37,997,0.3071751777634131,0.29224806201550385,0.1881720430107527
16,38,998,0.3976729153199742,0.3310077519379845,0.24270353302611367
16,39,999,0.27821590174531347,0.33643410852713174,0.13517665130568354
16,40,1000,0.26916612798965733,0.1798449612403101,0.06989247311827956
16,41,1001,0.27795733678086615,0.15891472868217055,0.08602150537634408
16,42,1002,0.23451842275371684,0.2635658914728682,0.12903225806451613
16,43,1003,0.22443438914027147,0.31860465116279063,0.06912442396313363
16,44,1004,0.2845507433742728,0.3085271317829458,0.19892473118279572
16,45,1005,0.3118293471234647,0.33333333333333337,0.08602150537634408
16,46,1006,0.3251454427925016,0.3170542635658915,0.10445468509984639
16,47,1007,0.26270200387847437,0.11705426356589146,0.07526881720430106
16,48,1008,0.3820297349709114,0.12015503875968991,0.08064516129032258
16,49,1009,0.30084033613445377,0.07906976744186046,0.1774193548387097
16,50,1010,0.3107950872656755,0.22403100775193793,0.25268817204301075
16,51,1011,0.35694893341952166,0.21860465116279065,0.1881720430107527
16,52,1012,0.3927601809954751,0.2961240310077519,0.22043010752688175
16,53,1013,0.3728506787330317,0.30387596899224795,0.12903225806451613
16,54,1014,0.3587588881706529,0.34651162790697676,0.10675883256528419
16,55,1015,0.31622495151906915,0.26744186046511625,0.14516129032258066
16,56,1016,0.2685197155785391,0.43643410852713177,0.12749615975422424
16,57,1017,0.2650290885585003,0.3465116279069767,0.07987711213517663
16,58,1018,0.34686489980607627,0.3317829457364341,0.2043010752688172
16,59,1019,0.37866839043309636,0.2945736434108527,0.10599078341013825
17,0,1020,0.37375565610859723,0.2883720930232558,0.026881720430107524
17,1,1021,0.46606334841628955,0.34728682170542635,0.1075268817204301
17,2,1022,0.3367808661926309,0.3806201550387596,0.1075268817204301
17,3,1023,0.3195862960568843,0.28759689922480614,0.08602150537634408
17,4,1024,0.44007756948933413,0.32713178294573647,0.11290322580645161
17,5,1025,0.33910795087265666,0.23875968992248064,0.16129032258064516
17,6,1026,0.27420814479638006,0.39767441860465114,0.1774193548387097
17,7,1027,0.3144149967679379,0.3441860465116279,0.13978494623655915
17,8,1028,0.22986425339366515,0.4155038759689922,0.07526881720430108
17,9,1029,0.20517129928894637,0.4713178294573642,0.08602150537634408
17,10,1030,0.20180995475113125,0.32248062015503876,0.03763440860215053
17,11,1031,0.25145442792501616,0.26744186046511625,0.053763440860215055
17,12,1032,0.30743374272786034,0.16666666666666669,0.03763440860215054
17,13,1033,0.2580478345184227,0.4023255813953488,0.0967741935483871
17,14,1034,0.17168713639301875,0.25348837209302333,0.18817204301075272
17,15,1035,0.1648351648351648,0.2837209302325581,0.1881720430107527
17,16,1036,0.2914027149321267,0.25581395348837205,0.1021505376344086
17,17,1037,0.16729153199741434,0.42790697674418604,0.11290322580645161
17,18,1038,0.19806076276664514,0.3,0.1774193548387097
17,19,1039,0.26593406593406593,0.2627906976744186,0.19892473118279572
17,20,1040,0.3111829347123465,0.3232558139534883,0.11213517665130567
17,21,1041,0.3020038784744667,0.3558139534883721,0.1466973886328725
17,22,1042,0.3254040077569489,0.36976744186046506,0.06989247311827958
17,23,1043,0.30652876535229473,0.3713178294573643,0.07834101382488479
17,24,1044,0.30368455074337425,0.42945736434108517,0.1758832565284178
17,25,1045,0.3040723981900452,0.4612403100775194,0.10599078341013825
17,26,1046,0.3444085326438267,0.43255813953488365,0.07142857142857144
17,27,1047,0.40594699418228825,0.21782945736434106,0.0913978494623656
17,28,1048,0.2943762120232708,0.1992248062015504,0.0967741935483871
17,29,1049,0.2782159017453134,0.2775193798449612,0.21505376344086022
17,30,1050,0.33354880413703936,0.19069767441860463,0.35867895545314904
17,31,1051,0.38383968972204263,0.42170542635658914,0.1597542242703533
17,32,1052,0.2673561732385262,0.43798449612403095,0.11059907834101382
17,33,1053,0.3429864253393665,0.42713178294573645,0.15898617511520738
17,34,1054,0.3331609566903684,0.33410852713178296,0.3141321044546851
17,35,1055,0.3786683904330963,0.30620155038759694,0.02150537634408602
17,36,1056,0.3040723981900453,0.3883720930232558,0.09831029185867897
17,37,1057,0.26024563671622497,0.4038759689922481,0.2711213517665131
17,38,1058,0.30601163542340004,0.3736434108527132,0.07296466973886329
17,39,1059,0.38215901745313496,0.2527131782945737,0.07526881720430108
17,40,1060,0.345054945054945,0.24341085271317825,0.01075268817204301
17,41,1061,0.347382029734971,0.365891472868217,0.07987711213517665
17,42,1062,0.31299288946347775,0.19767441860465115,0.059139784946236555
17,43,1063,0.3326438267614738,0.2527131782945736,0.09600614439324116
17,44,1064,0.2550743374272786,0.2992248062015504,0.059139784946236555
17,45,1065,0.24033613445378146,0.29612403100775186,0.0
17,46,1066,0.3235940530058177,0.5093023255813953,0.02150537634408602
17,47,1067,0.26192630898513247,0.36744186046511623,0.016129032258064516
17,48,1068,0.39237233354880413,0.30077519379844964,0.0
17,49,1069,0.29592760180995475,0.3069767441860465,0.026881720430107527
17,50,1070,0.24460245636716224,0.25813953488372093,0.02073732718894009
17,51,1071,0.37310924369747905,0.32248062015503876,0.0
17,52,1072,0.3242404654169359,0.3527131782945736,0.005376344086021505
17,53,1073,0.26257272139625076,0.4054263565891473,0.026881720430107524
17,54,1074,0.2568842921784098,0.37984496124031014,0.0
17,55,1075,0.3352294764059469,0.2806201550387597,0.01075268817204301
17,56,1076,0.35992243051066575,0.313953488372093,0.016129032258064516
17,57,1077,0.2950226244343891,0.3790697674418605,0.0
17,58,1078,0.3490627020038783,0.24573643410852708,0.0
17,59,1079,0.3191984486102133,0.4527131782945736,0.04838709677419355
18,0,1080,0.43257918552036184,0.3441860465116279,0.005376344086021505
18,1,1081,0.3345830639948287,0.3534883720930233,0.0
18,2,1082,0.3039431157078215,0.5519379844961241,0.0
18,3,1083,0.3354880413703943,0.4170542635658915,0.005376344086021505
18,4,1084,0.33548804137039434,0.462015503875969,0.0
18,5,1085,0.3500969618616678,0.38372093023255816,0.01075268817204301
18,6,1086,0.31286360698125404,0.5472868217054263,0.03763440860215054
18,7,1087,0.27149321266968324,0.41937984496124037,0.0
18,8,1088,0.3732385261797027,0.38217054263565886,0.0
18,9,1089,0.2981254040077569,0.35581395348837214,0.005376344086021505
18,10,1090,0.33561732385261794,0.29147286821705426,0.0
18,11,1091,0.432967032967033,0.37131782945736436,0.0
18,12,1092,0.45210084033613446,0.36976744186046506,0.005376344086021505
18,13,1093,0.27782805429864244,0.2023255813953488,0.04301075268817204
18,14,1094,0.2557207498383969,0.3868217054263566,0.026881720430107527
18,15,1095,0.30743374272786034,0.30697674418604654,0.04301075268817204
18,16,1096,0.3321266968325791,0.24031007751937983,0.06221198156682028
18,17,1097,0.4243051066580478,0.2751937984496124,0.05069124423963133
18,18,1098,0.33794440853264374,0.162015503875969,0.05069124423963133
18,19,1099,0.26916612798965733,0.33798449612403103,0.07526881720430106
18,20,1100,0.34246929541047183,0.4007751937984496,0.1466973886328725
18,21,1101,0.41900452488687784,0.3713178294573643,0.11520737327188939
18,22,1102,0.3225597931480284,0.25658914728682164,0.12288786482334871
18,23,1103,0.3559146735617324,0.3899224806201551,0.04301075268817204
18,24,1104,0.3067873303167421,0.3441860465116278,0.10599078341013825
18,25,1105,0.2266321913380737,0.33798449612403103,0.10829493087557604
18,26,1106,0.18810601163542343,0.48992248062015503,0.07373271889400922
18,27,1107,0.1856496444731738,0.2302325581395349,0.20967741935483875
18,28,1108,0.24938590820943765,0.32790697674418606,0.24500768049155147
18,29,1109,0.3054945054945056,0.3085271317829457,0.2150537634408602
18,30,1110,0.2566257272139625,0.5046511627906977,0.32795698924731187
18,31,1111,0.2453781512605042,0.24186046511627907,0.23425499231950847
18,32,1112,0.23400129282482227,0.30387596899224806,0.1075268817204301
18,33,1113,0.19844861021331614,0.527906976744186,0.17204301075268819
18,34,1114,0.23994828700711054,0.4046511627906976,0.16666666666666666
18,35,1115,0.2835164835164835,0.6651162790697674,0.11827956989247311
18,36,1116,0.2720103425985779,0.45813953488372083,0.11827956989247312
18,37,1117,0.3260504201680673,0.607751937984496,0.15591397849462368
18,38,1118,0.30433096315449254,0.5348837209302325,0.0913978494623656
18,39,1119,0.24020685197155786,0.48604651162790696,0.059139784946236555
18,40,1120,0.21732385261797027,0.5496124031007751,0.04301075268817204
18,41,1121,0.25830639948287004,0.6364341085271318,0.03763440860215054
18,42,1122,0.31751777634130574,0.4410852713178295,0.016129032258064516
18,43,1123,0.29515190691661275,0.5077519379844961,0.05069124423963133
18,44,1124,0.2901098901098901,0.6046511627906976,0.01075268817204301
18,45,1125,0.26102133160956686,0.6472868217054263,0.005376344086021505
18,46,1126,0.18461538461538463,0.689922480620155,0.07526881720430108
18,47,1127,0.3358758888170652,0.31550387596899226,0.1935483870967742
18,48,1128,0.2871363930187459,0.3085271317829458,0.10215053763440861
18,49,1129,0.3830639948287007,0.5085271317829457,0.06451612903225806
18,50,1130,0.3870717517776341,0.4689922480620154,0.16666666666666669
18,51,1131,0.3662572721396251,0.47519379844961235,0.005376344086021505
18,52,1132,0.39741435035552686,0.4116279069767442,0.04301075268817204
18,53,1133,0.35966386554621854,0.1635658914728682,0.06451612903225806
18,54,1134,0.24434389140271487,0.2271317829457364,0.07526881720430108
18,55,1135,0.3464770523594053,0.21085271317829457,0.03763440860215054
18,56,1136,0.2937297996121525,0.20542635658914726,0.10752688172043011
18,57,1137,0.2926955397543633,0.30775193798449607,0.009984639016897081
18,58,1138,0.22094376212023267,0.32790697674418606,0.10752688172043011
18,59,1139,0.29696186166774396,0.33720930232558133,0.12903225806451613
19,0,1140,0.29670329670329665,0.29922480620155034,0.0967741935483871
19,1,1141,0.2532967032967033,0.38914728682170546,0.07526881720430108
19,2,1142,0.24478021978021977,0.331782945736434,0.06451612903225806
19,3,1143,0.26744505494505494,0.36434108527131776,0.10752688172043011
19,4,1144,0.3559065934065935,0.33178294573643413,0.0967741935483871
19,5,1145,0.4197802197802198,0.27286821705426356,0.12903225806451613
19,6,1146,0.31840659340659344,0.26744186046511637,0.3548387096774194
19,7,1147,0.28365384615384615,0.44263565891472856,0.16129032258064513
19,8,1148,0.2862637362637363,0.4069767441860465,0.12903225806451613
19,9,1149,0.29766483516483516,0.33953488372093027,0.22580645161290322
19,10,1150,0.2804945054945055,0.2116279069767442,0.12365591397849461
19,11,1151,0.29230769230769227,0.2348837209302326,0.026881720430107524
19,12,1152,0.24217032967032967,0.3782945736434109,0.07526881720430108
19,13,1153,0.2701923076923077,0.30465116279069765,0.04301075268817204
19,14,1154,0.18173076923076922,0.2682170542635659,0.19585253456221197
19,15,1155,0.16359890109890116,0.36046511627906974,0.1205837173579109
19,16,1156,0.267032967032967,0.22868217054263568,0.056067588325652847
19,17,1157,0.2635989010989011,0.3023255813953489,0.08832565284178187
19,18,1158,0.23804945054945056,0.36356589147286816,0.059139784946236555
19,19,1159,0.2010989010989011,0.3248062015503876,0.0998463901689708
19,20,1160,0.1769230769230769,0.3372093023255814,0.0445468509984639
19,21,1161,0.20975274725274723,0.2682170542635659,0.005376344086021505
19,22,1162,0.20164835164835165,0.12248062015503876,0.02150537634408602
19,23,1163,0.15425824175824177,0.12868217054263564,0.039938556067588324
19,24,1164,0.17857142857142858,0.21317829457364343,0.06451612903225806
19,25,1165,0.16085164835164836,0.3023255813953488,0.0944700460829493
19,26,1166,0.25,0.4310077519379845,0.08064516129032258
19,27,1167,0.3539835164835165,0.496124031007752,0.1021505376344086
19,28,1168,0.2857142857142857,0.5976744186046511,0.11290322580645161
19,29,1169,0.2910714285714286,0.5255813953488373,0.0913978494623656
19,30,1170,0.22060439560439563,0.37441860465116283,0.11059907834101382
19,31,1171,0.22321428571428573,0.6604651162790698,0.026881720430107524
19,32,1172,0.214010989010989,0.4813953488372092,0.03533026113671275
19,33,1173,0.1304945054945055,0.5511627906976744,0.016129032258064516
19,34,1174,0.1276098901098901,0.5496124031007752,0.04838709677419355
19,35,1175,0.15686813186813187,0.586046511627907,0.08602150537634408
19,36,1176,0.17774725274725275,0.6217054263565891,0.06989247311827956
19,37,1177,0.2021978021978022,0.4488372093023255,0.03763440860215053
19,38,1178,0.1651098901098901,0.296124031007752,0.13440860215053765
19,39,1179,0.3326923076923077,0.4131782945736434,0.04838709677419355
19,40,1180,0.30659340659340656,0.4519379844961241,0.005376344086021505
19,41,1181,0.3053571428571429,0.3527131782945736,0.0
19,42,1182,0.30494505494505497,0.5186046511627908,0.10829493087557604
19,43,1183,0.3586538461538462,0.41550387596899235,0.026881720430107527
19,44,1184,0.32706043956043956,0.21627906976744182,0.060675883256528416
19,45,1185,0.318543956043956,0.21240310077519375,0.01075268817204301
19,46,1186,0.28090659340659335,0.3069767441860465,0.02304147465437788
19,47,1187,0.2692307692307692,0.3217054263565892,0.11827956989247311
19,48,1188,0.24656593406593405,0.25503875968992246,0.056067588325652847
19,49,1189,0.2478021978021978,0.3627906976744186,0.03763440860215054
19,50,1190,0.16002747252747251,0.6341085271317831,0.06374807987711213
19,51,1191,0.20714285714285716,0.5186046511627908,0.06989247311827956
19,52,1192,0.1760989010989011,0.37209302325581395,0.12365591397849462
19,53,1193,0.24478021978021977,0.3937984496124031,0.15591397849462366
19,54,1194,0.1657967032967033,0.4511627906976744,0.14516129032258066
19,55,1195,0.2793956043956044,0.5534883720930232,0.12365591397849461
19,56,1196,0.19697802197802197,0.38914728682170546,0.11827956989247311
19,57,1197,0.29972527472527477,0.5209302325581395,0.13440860215053765
19,58,1198,0.234478021978022,0.30930232558139525,0.06989247311827956
19,59,1199,0.19835164835164837,0.5193798449612402,0.1935483870967742
20,0,1200,0.21456043956043955,0.29534883720930233,0.22043010752688175
20,1,1201,0.21675824175824177,0.29224806201550385,0.15591397849462368
20,2,1202,0.23983516483516487,0.3581395348837209,0.15591397849462366
20,3,1203,0.19052197802197804,0.3077519379844961,0.11827956989247311
20,4,1204,0.16428571428571428,0.29224806201550385,0.2634408602150538
20,5,1205,0.198489010989011,0.32480620155038764,0.03225806451612903
20,6,1206,0.18818681318681318,0.3503875968992248,0.21505376344086022
20,7,1207,0.1451923076923077,0.3263565891472868,0.1075268817204301
20,8,1208,0.19478021978021978,0.2775193798449612,0.15591397849462366
20,9,1209,0.14752747252747253,0.20155038759689922,0.1774193548387097
20,10,1210,0.1934065934065934,0.19999999999999998,0.03225806451612903
20,11,1211,0.18063186813186813,0.14961240310077517,0.0
20,12,1212,0.16593406593406593,0.21550387596899223,0.07450076804915513
20,13,1213,0.26456043956043956,0.3511627906976744,0.01075268817204301
20,14,1214,0.20164835164835165,0.21240310077519378,0.13978494623655913
20,15,1215,0.19491758241758242,0.2178294573643411,0.04301075268817204
20,16,1216,0.18585164835164836,0.42170542635658914,0.04838709677419355
20,17,1217,0.24093406593406597,0.3224806201550387,0.15053763440860216
20,18,1218,0.21744505494505495,0.3953488372093023,0.06451612903225806
20,19,1219,0.21717032967032968,0.4007751937984496,0.09139784946236558
20,20,1220,0.2118131868131868,0.3635658914728682,0.016129032258064516
20,21,1221,0.24409340659340656,0.39922480620155043,0.3387096774193548
20,22,1222,0.24162087912087915,0.48837209302325574,0.15591397849462366
20,23,1223,0.24862637362637366,0.40852713178294564,0.03225806451612903
20,24,1224,0.27170329670329674,0.4310077519379845,0.08602150537634408
20,25,1225,0.2740384615384615,0.39069767441860465,0.1021505376344086
20,26,1226,0.24285714285714285,0.634108527131783,0.1774193548387097
20,27,1227,0.19587912087912088,0.5279069767441861,0.06451612903225806
20,28,1228,0.23489010989010992,0.4844961240310078,0.005376344086021505
20,29,1229,0.2120879120879121,0.4806201550387597,0.22043010752688175
20,30,1230,0.18653846153846154,0.27364341085271315,0.06989247311827956
20,31,1231,0.2752747252747253,0.2736434108527132,0.11827956989247311
20,32,1232,0.3429945054945055,0.3325581395348837,0.12365591397849461
20,33,1233,0.2936813186813187,0.3720930232558139,0.06451612903225806
20,34,1234,0.22445054945054949,0.2875968992248062,0.2043010752688172
20,35,1235,0.1550824175824176,0.3906976744186046,0.059139784946236555
20,36,1236,0.22184065934065936,0.3379844961240309,0.04838709677419355
20,37,1237,0.23269230769230767,0.5286821705426356,0.02150537634408602
20,38,1238,0.24107142857142858,0.6294573643410852,0.1021505376344086
20,39,1239,0.16304945054945055,0.510077519379845,0.06451612903225806
20,40,1240,0.16593406593406593,0.4426356589147286,0.053763440860215055
20,41,1241,0.11662087912087912,0.3201550387596899,0.06451612903225806
20,42,1242,0.10714285714285714,0.21162790697674422,0.040706605222734255
20,43,1243,0.11208791208791209,0.23488372093023255,0.03609831029185868
20,44,1244,0.18695054945054942,0.33488372093023255,0.01075268817204301
20,45,1245,0.2885989010989011,0.2736434108527131,0.02150537634408602
20,46,1246,0.26689560439560445,0.3023255813953488,0.13978494623655913
20,47,1247,0.25508241758241756,0.29534883720930233,0.08064516129032258
20,48,1248,0.18324175824175823,0.3209302325581395,0.03225806451612903
20,49,1249,0.18722527472527473,0.32868217054263565,0.09370199692780339
20,50,1250,0.16978021978021976,0.289922480620155,0.11520737327188939
20,51,1251,0.14958791208791208,0.4403100775193798,0.0913978494623656
20,52,1252,0.2173076923076923,0.36124031007751944,0.07910906298003073
20,53,1253,0.23612637362637362,0.5806201550387597,0.18663594470046083
20,54,1254,0.31771978021978026,0.38914728682170546,0.18509984639016894
20,55,1255,0.22582417582417583,0.3736434108527132,0.03763440860215053
20,56,1256,0.26195054945054946,0.36589147286821705,0.0913978494623656
20,57,1257,0.23324175824175825,0.2775193798449613,0.10599078341013825
20,58,1258,0.1971153846153846,0.20930232558139536,0.0
20,59,1259,0.18296703296703298,0.2829457364341085,0.04147465437788018
21,0,1260,0.2625,0.47364341085271316,0.03379416282642089
21,1,1261,0.22912087912087914,0.4744186046511627,0.03686635944700461
21,2,1262,0.20604395604395606,0.39999999999999997,0.0706605222734255
21,3,1263,0.20837912087912086,0.41937984496124026,0.005376344086021505
21,4,1264,0.29766483516483516,0.486046511627907,0.31797235023041476
21,5,1265,0.21744505494505495,0.8263565891472868,0.07526881720430106
21,6,1266,0.18200549450549453,0.5364341085271317,0.14669738863287252
21,7,1267,0.12664835164835164,0.49534883720930234,0.07603686635944701
21,8,1268,0.13873626373626374,0.7077519379844961,0.05145929339477727
21,9,1269,0.17747252747252748,0.5720930232558139,0.04301075268817204
21,10,1270,0.15755494505494505,0.4883720930232558,0.12365591397849462
21,11,1271,0.1631868131868132,0.5713178294573644,0.005376344086021505
21,12,1272,0.2221153846153846,0.616279069767442,0.07526881720430108
21,13,1273,0.24711538461538463,0.5170542635658916,0.08141321044546851
21,14,1274,0.18214285714285713,0.3069767441860465,0.057603686635944694
21,15,1275,0.2054945054945055,0.2596899224806202,0.026113671274961597
21,16,1276,0.12815934065934068,0.22403100775193793,0.03225806451612903
21,17,1277,0.11346153846153846,0.1868217054263566,0.03686635944700461
21,18,1278,0.19203296703296702,0.4643410852713179,0.016129032258064516
21,19,1279,0.20357142857142857,0.41705426356589154,0.06374807987711213
21,20,1280,0.1813186813186813,0.1635658914728682,0.009984639016897081
21,21,1281,0.21497252747252746,0.17364341085271318,0.026881720430107524
21,22,1282,0.22211538461538463,0.20697674418604653,0.026881720430107524
21,23,1283,0.21497252747252749,0.28139534883720935,0.01075268817204301
21,24,1284,0.18543956043956042,0.29844961240310075,0.005376344086021505
21,25,1285,0.11662087912087912,0.472093023255814,0.0
21,26,1286,0.0842032967032967,0.4775193798449612,0.005376344086021505
21,27,1287,0.14244505494505494,0.3503875968992248,0.0
21,28,1288,0.06263736263736264,0.3387596899224806,0.005376344086021505
21,29,1289,0.07541208791208792,0.29224806201550385,0.026881720430107527
21,30,1290,0.10480769230769231,0.3875968992248062,0.005376344086021505
21,31,1291,0.11085164835164836,0.4503875968992249,0.03763440860215053
21,32,1292,0.14354395604395603,0.37751937984496126,0.01075268817204301
21,33,1293,0.17939560439560437,0.262015503875969,0.0
21,34,1294,0.15260989010989012,0.2821705426356589,0.06451612903225806
21,35,1295,0.1980769230769231,0.16821705426356592,0.05376344086021505
21,36,1296,0.22596153846153846,0.29844961240310075,0.005376344086021505
21,37,1297,0.24532967032967035,0.34341085271317834,0.04838709677419355
21,38,1298,0.21442307692307694,0.34418604651162793,0.005376344086021505
21,39,1299,0.09780219780219783,0.27596899224806204,0.06451612903225806
21,40,1300,0.1809065934065934,0.355813953488372,0.05913978494623656
21,41,1301,0.18214285714285713,0.24496124031007757,0.053763440860215055
21,42,1302,0.1800824175824176,0.38139534883720927,0.059139784946236555
21,43,1303,0.14546703296703298,0.23255813953488377,0.01075268817204301
21,44,1304,0.1708791208791209,0.2627906976744186,0.026881720430107524
21,45,1305,0.11167582417582418,0.11705426356589149,0.005376344086021505
21,46,1306,0.10013736263736263,0.1674418604651163,0.02150537634408602
21,47,1307,0.14945054945054942,0.14883720930232558,0.02150537634408602
21,48,1308,0.16387362637362635,0.08139534883720931,0.0
21,49,1309,0.1603021978021978,0.10077519379844961,0.005376344086021505
21,50,1310,0.22197802197802197,0.1457364341085271,0.005376344086021505
21,51,1311,0.17651098901098902,0.12015503875968993,0.026881720430107524
21,52,1312,0.17719780219780218,0.17131782945736435,0.005376344086021505
21,53,1313,0.15590659340659344,0.313953488372093,0.02150537634408602
21,54,1314,0.1688186813186813,0.31705426356589145,0.005376344086021505
21,55,1315,0.19835164835164834,0.29844961240310075,0.0
21,56,1316,0.1798076923076923,0.2147286821705426,0.04301075268817204
21,57,1317,0.14615384615384613,0.23953488372093024,0.02073732718894009
21,58,1318,0.20686813186813185,0.23798449612403103,0.01075268817204301
21,59,1319,0.16016483516483518,0.2899224806201551,0.05376344086021505
22,0,1320,0.15357142857142858,0.31007751937984496,0.08678955453149001
22,1,1321,0.12431318681318682,0.27906976744186046,0.04301075268817204
22,2,1322,0.13296703296703294,0.458139534883721,0.03763440860215054
22,3,1323,0.16277472527472525,0.5023255813953488,0.04301075268817204
22,4,1324,0.23214285714285715,0.3689922480620156,0.03763440860215054
22,5,1325,0.171978021978022,0.2527131782945737,0.08602150537634408
22,6,1326,0.08901098901098901,0.30930232558139537,0.05913978494623656
22,7,1327,0.11620879120879121,0.3868217054263566,0.02150537634408602
22,8,1328,0.0787087912087912,0.37674418604651155,0.01075268817204301
22,9,1329,0.02857142857142857,0.3744186046511627,0.026881720430107527
22,10,1330,0.05782967032967033,0.13720930232558137,0.11827956989247311
22,11,1331,0.0342032967032967,0.12403100775193798,0.016129032258064516
22,12,1332,0.0592032967032967,0.25503875968992246,0.0
22,13,1333,0.09491758241758241,0.2581395348837209,0.01075268817204301
22,14,1334,0.10686813186813188,0.18914728682170542,0.02150537634408602
22,15,1335,0.1366758241758242,0.22015503875968992,0.0
22,16,1336,0.1653846153846154,0.2310077519379845,0.0
22,17,1337,0.16744505494505496,0.16046511627906979,0.0
22,18,1338,0.09656593406593407,0.24186046511627904,0.0
22,19,1339,0.0625,0.2302325581395349,0.05376344086021505
22,20,1340,0.10453296703296704,0.22093023255813954,0.0314900153609831
22,21,1341,0.13365384615384615,0.09689922480620156,0.03225806451612903
22,22,1342,0.18653846153846154,0.1248062015503876,0.01075268817204301
22,23,1343,0.07596153846153847,0.12868217054263567,0.0
22,24,1344,0.05604395604395604,0.20465116279069764,0.0
22,25,1345,0.062225274725274726,0.2751937984496124,0.03763440860215054
22,26,1346,0.10796703296703297,0.11317829457364342,0.016129032258064516
22,27,1347,0.06126373626373626,0.15658914728682172,0.0
22,28,1348,0.045054945054945054,0.2302325581395349,0.0
22,29,1349,0.06771978021978022,0.20232558139534887,0.0
22,30,1350,0.07376373626373628,0.19224806201550385,0.041474654377880185
22,31,1351,0.15934065934065936,0.2968992248062015,0.028417818740399385
22,32,1352,0.0995879120879121,0.2062015503875969,0.0
22,33,1353,0.12280219780219781,0.41317829457364347,0.04838709677419355
22,34,1354,0.3473901098901099,0.3906976744186046,0.0
22,35,1355,0.1853021978021978,0.27906976744186046,0.026881720430107527
22,36,1356,0.19697802197802197,0.29224806201550385,0.0
22,37,1357,0.11964285714285715,0.5976744186046511,0.040706605222734255
22,38,1358,0.07335164835164834,0.28372093023255807,0.08986175115207373
22,39,1359,0.09780219780219782,0.3984496124031008,0.12596006144393243
22,40,1360,0.07884615384615384,0.5131782945736434,0.08755760368663595
22,41,1361,0.06758241758241758,0.26744186046511625,0.03840245775729647
22,42,1362,0.07925824175824177,0.3263565891472867,0.05453149001536098
22,43,1363,0.12486263736263736,0.2581395348837209,0.04377880184331798
22,44,1364,0.09615384615384617,0.37984496124031003,0.043010752688172046
22,45,1365,0.05206043956043956,0.14728682170542637,0.05376344086021505
22,46,1366,0.07554945054945054,0.1751937984496124,0.026881720430107524
22,47,1367,0.07760989010989011,0.21550387596899226,0.0
22,48,1368,0.05975274725274725,0.20077519379844963,0.06451612903225806
22,49,1369,0.1125,0.27596899224806193,0.026881720430107527
22,50,1370,0.054945054945054944,0.21860465116279065,0.01075268817204301
22,51,1371,0.10151098901098901,0.23798449612403094,0.009216589861751152
22,52,1372,0.07857142857142857,0.16434108527131783,0.01075268817204301
22,53,1373,0.0695054945054945,0.14418604651162792,0.005376344086021505
22,54,1374,0.08736263736263737,0.24031007751937986,0.005376344086021505
22,55,1375,0.02898351648351648,0.23565891472868217,0.03225806451612903
22,56,1376,0.04107142857142857,0.21550387596899223,0.05913978494623656
22,57,1377,0.08475274725274724,0.2441860465116279,0.03225806451612903
22,58,1378,0.07252747252747252,0.3503875968992248,0.026881720430107524
22,59,1379,0.04766483516483516,0.43643410852713177,0.03225806451612903
23,0,1380,0.09890109890109891,0.40077519379844956,0.0
23,1,1381,0.050686813186813194,0.5170542635658915,0.005376344086021505
23,2,1382,0.08447802197802197,0.44806201550387587,0.026881720430107524
23,3,1383,0.08722527472527472,0.49457364341085275,0.005376344086021505
23,4,1384,0.08475274725274724,0.3937984496124031,0.0
23,5,1385,0.06126373626373626,0.32713178294573636,0.005376344086021505
23,6,1386,0.04381868131868132,0.6263565891472868,0.0
23,7,1387,0.061538461538461535,0.5217054263565891,0.0
23,8,1388,0.06002747252747252,0.49457364341085275,0.026881720430107527
23,9,1389,0.05439560439560439,0.44651162790697674,0.03763440860215054
23,10,1390,0.052884615384615384,0.5465116279069767,0.03763440860215054
23,11,1391,0.0745879120879121,0.4612403100775194,0.03225806451612903
23,12,1392,0.07156593406593406,0.2992248062015504,0.06451612903225806
23,13,1393,0.12005494505494504,0.33643410852713174,0.03225806451612903
23,14,1394,0.08914835164835164,0.2131782945736434,0.0
23,15,1395,0.10425824175824176,0.2720930232558139,0.0
23,16,1396,0.07788461538461539,0.30077519379844964,0.005376344086021505
23,17,1397,0.09766483516483516,0.13100775193798447,0.01075268817204301
23,18,1398,0.07774725274725273,0.19147286821705425,0.03763440860215054
23,19,1399,0.0837912087912088,0.30930232558139537,0.0
23,20,1400,0.08337912087912087,0.45348837209302334,0.04301075268817204
23,21,1401,0.14532967032967034,0.3,0.02073732718894009
23,22,1402,0.12664835164835164,0.39147286821705424,0.03302611367127496
23,23,1403,0.10192307692307694,0.351937984496124,0.04608294930875576
23,24,1404,0.17184065934065934,0.2984496124031008,0.005376344086021505
23,25,1405,0.21236263736263736,0.39457364341085277,0.07757296466973887
23,26,1406,0.09945054945054946,0.29922480620155034,0.04838709677419355
23,27,1407,0.12582417582417582,0.3093023255813953,0.04838709677419355
23,28,1408,0.0489010989010989,0.2534883720930232,0.03763440860215053
23,29,1409,0.03681318681318681,0.19534883720930232,0.0
23,30,1410,0.027472527472527472,0.3038759689922481,0.0
23,31,1411,0.09148351648351649,0.34108527131782945,0.043010752688172046
23,32,1412,0.1017857142857143,0.3790697674418605,0.03763440860215054
23,33,1413,0.09148351648351649,0.24108527131782947,0.04301075268817204
23,34,1414,0.06085164835164836,0.31937984496124033,0.04301075268817204
23,35,1415,0.051923076923076926,0.2837209302325581,0.03225806451612903
23,36,1416,0.08145604395604396,0.3170542635658914,0.04838709677419355
23,37,1417,0.07678571428571429,0.19844961240310074,0.0
23,38,1418,0.07431318681318683,0.26124031007751936,0.0
23,39,1419,0.08434065934065933,0.36046511627906974,0.059139784946236555
23,40,1420,0.054120879120879116,0.2604651162790698,0.14516129032258066
23,41,1421,0.05274725274725275,0.1821705426356589,0.016129032258064516
23,42,1422,0.07554945054945056,0.18139534883720934,0.005376344086021505
23,43,1423,0.06456043956043955,0.11085271317829459,0.0
23,44,1424,0.07788461538461539,0.3527131782945736,0.06451612903225806
23,45,1425,0.08076923076923076,0.21550387596899223,0.12903225806451613
23,46,1426,0.06428571428571428,0.19612403100775194,0.059139784946236555
23,47,1427,0.060851648351648344,0.11472868217054265,0.10215053763440861
23,48,1428,0.07513736263736263,0.22403100775193793,0.0
23,49,1429,0.06304945054945055,0.2596899224806201,0.06989247311827956
23,50,1430,0.05425824175824176,0.14806201550387596,0.0
23,51,1431,0.030906593406593404,0.15658914728682172,0.03763440860215054
23,52,1432,0.04024725274725274,0.0744186046511628,0.0
23,53,1433,0.06236263736263737,0.3271317829457364,0.0
23,54,1434,0.06483516483516483,0.3930232558139535,0.01075268817204301
23,55,1435,0.05755494505494506,0.3744186046511627,0.07526881720430108
23,56,1436,0.03708791208791209,0.39147286821705424,0.03225806451612903
23,57,1437,0.04752747252747253,0.23410852713178293,0.0
23,58,1438,0.04835164835164836,0.3255813953488372,0.0
23,59,1439,0.07005494505494506,0.2821705426356588,0.07526881720430108
