species,tau_h,kappa,y_th,fwhm,peak6,p2m,A_L,published
L. cornutus,0.5,10,0.25,14,0.3554153018813241,1.9215615895574178,0.3932637490620243,False
L. cornutus,0.5,10,0.3,9,0.342331974370394,1.9646610559650672,0.4031045949246649,False
L. cornutus,0.5,10,0.4,10,0.34856837120581863,2.067336726901455,0.40963474025927343,False
L. cornutus,0.5,10,0.5,10,0.4822672120208058,2.2501677047393898,0.40657785050721756,False
L. cornutus,0.5,10,0.6,8,0.6375193067527727,2.835059124851074,0.39833901826095497,False
L. cornutus,0.5,30,0.25,10,0.5613548354996513,2.9814516923274588,0.6123843018296895,False
L. cornutus,0.5,30,0.3,8,0.4713701351122495,2.8049619964872994,0.6351872949364834,False
L. cornutus,0.5,30,0.4,6,0.4510328221541415,2.891367072906998,0.654287780703296,False
L. cornutus,0.5,30,0.5,7,0.42839672018255787,2.838901597870067,0.6013653428564623,False
L. cornutus,0.5,30,0.6,8,0.6527797310916746,2.9164757403440302,0.5236794075560465,False
L. cornutus,0.5,60,0.25,8,0.6265470670206947,3.443833355715895,0.7584232724228422,False
L. cornutus,0.5,60,0.3,8,0.5283636621378881,2.966466965600571,0.770922201388857,False
L. cornutus,0.5,60,0.4,6,0.5027273070372812,3.049766819882662,0.7904347154422237,False
L. cornutus,0.5,60,0.5,5,0.48369981974865733,3.309901375289883,0.7560979305152902,False
L. cornutus,0.5,60,0.6,7,0.6788748025992866,3.066796464023099,0.6285663299301436,False
L. cornutus,1.0,10,0.25,8,0.37678520872851873,2.206209455960025,0.49731874174952245,False
L. cornutus,1.0,10,0.3,6,0.35838498844006905,2.1628303858347215,0.5223713360238245,False
L. cornutus,1.0,10,0.4,6,0.3980582313900927,2.327509301727729,0.5335434678841067,False
L. cornutus,1.0,10,0.5,10,0.5116612276434789,2.4900473878177993,0.5044669133432322,False
L. cornutus,1.0,10,0.6,7,0.6490607320018092,2.9613633777181136,0.439171492126352,False
L. cornutus,1.0,30,0.25,9,0.5629023477311123,3.038843673539376,0.7073559620255921,False
L. cornutus,1.0,30,0.3,6,0.4684468361993554,3.256999107027066,0.7418053082084408,False
L. cornutus,1.0,30,0.4,5,0.42736161354634816,3.434698231530038,0.7584710738066452,False
L. cornutus,1.0,30,0.5,5,0.45795073208722004,3.227428724011263,0.6881243156442737,False
L. cornutus,1.0,30,0.6,7,0.6610956634536905,3.0283094555021224,0.56969953124566,False
L. cornutus,1.0,60,0.25,9,0.6054610830100383,3.4169278614747145,0.8190431123369014,False
L. cornutus,1.0,60,0.3,6,0.48683278172942357,3.499852100772013,0.8367989187930196,False
L. cornutus,1.0,60,0.4,4,0.4384164300442797,3.7167390471549213,0.8521611600775021,False
L. cornutus,1.0,60,0.5,5,0.4534938782026513,3.7531576338039963,0.8109751688016444,False
L. cornutus,1.0,60,0.6,7,0.6819137853480859,3.1781172653082668,0.6578544339596942,False
L. cornutus,1.5,10,0.25,4,0.40372259292467233,2.34190350620215,0.5699702028998778,False
L. cornutus,1.5,10,0.3,3,0.3972353349576297,2.3171551528657757,0.6075221070612714,False
L. cornutus,1.5,10,0.4,4,0.4422964655819491,2.4488650911836984,0.6250570900897233,False
L. cornutus,1.5,10,0.5,9,0.5410537075099356,2.626412729755308,0.5809553722634391,False
L. cornutus,1.5,10,0.6,7,0.6611449688879141,3.0833839824837277,0.4774325463790623,False
L. cornutus,1.5,30,0.25,9,0.5593252567085181,3.1849048616392306,0.7740597688977424,False
L. cornutus,1.5,30,0.3,3,0.4981974173438778,3.3350383199250033,0.8167188129285112,False
L. cornutus,1.5,30,0.4,3,0.4865336030611453,3.5550073726175184,0.8283026857804051,False
L. cornutus,1.5,30,0.5,4,0.5088908451104579,3.344299009958383,0.7445904509393588,False
L. cornutus,1.5,30,0.6,7,0.6696449865097259,3.142821628614307,0.6007159276894394,False
L. cornutus,1.5,60,0.25,9,0.5887298481233108,3.2615394322449847,0.8556609186890657,False
L. cornutus,1.5,60,0.3,4,0.5132241557795256,3.560452083153526,0.8782366783272179,False
L. cornutus,1.5,60,0.4,3,0.4978935800305789,3.8275832251860598,0.8909515862837547,False
L. cornutus,1.5,60,0.5,3,0.5149560710659822,3.8218674315965067,0.8412165136860577,False
L. cornutus,1.5,60,0.6,7,0.6854771420723411,3.242045547374726,0.6760525243708682,False
L. cornutus,2.0,10,0.25,4,0.423502267456074,2.3835847248824606,0.6179800329182055,False
L. cornutus,2.0,10,0.3,3,0.4271343312740313,2.4638332907949145,0.6656391882065723,False
L. cornutus,2.0,10,0.4,5,0.4753161728672979,2.5563060173457104,0.6922195856146771,False
L. cornutus,2.0,10,0.5,8,0.5642392174580694,2.7499617720121354,0.6401075662744223,False
L. cornutus,2.0,10,0.6,7,0.671680134972206,3.179105948066474,0.5086680564921893,False
L. cornutus,2.0,30,0.25,4,0.5571582380310018,3.281301739920394,0.8179823397614927,False
L. cornutus,2.0,30,0.3,4,0.5224807467959188,3.2549838064481116,0.8699044302792067,False
L. cornutus,2.0,30,0.4,4,0.5260728552298809,3.4990132890971672,0.8772282025393325,False
L. cornutus,2.0,30,0.5,4,0.5476018662341374,3.342008700349594,0.785535338017944,True
L. cornutus,2.0,30,0.6,7,0.6768527990728764,3.2199624847962873,0.623000426595995,False
L. cornutus,2.0,60,0.25,4,0.5809044161671141,3.390112295720807,0.8779250993723389,False
L. cornutus,2.0,60,0.3,4,0.5357599782424596,3.448201356558825,0.907786040013368,False
L. cornutus,2.0,60,0.4,3,0.5395473724342846,3.736245301128489,0.9169226222247114,False
L. cornutus,2.0,60,0.5,3,0.5539078362853407,3.7570331355406443,0.8619346120866929,False
L. cornutus,2.0,60,0.6,7,0.6886005825671153,3.279590580246809,0.6884717359651509,False
L. cornutus,3.0,10,0.25,5,0.4461541562224882,2.367241375335384,0.6607500918628004,False
L. cornutus,3.0,10,0.3,4,0.46229886063862047,2.5369719826523216,0.726467498202452,False
L. cornutus,3.0,10,0.4,5,0.5117739137754248,2.683435336455801,0.7746975868348346,False
L. cornutus,3.0,10,0.5,7,0.5929816567362881,2.898350182259728,0.7220932138270453,False
L. cornutus,3.0,10,0.6,6,0.6867126923562439,3.2988518611740933,0.5542603812060672,False
L. cornutus,3.0,30,0.25,4,0.557480492174186,3.1346279145581755,0.8518306179713664,False
L. cornutus,3.0,30,0.3,5,0.5484879493526685,3.1156714301610484,0.9229499024781946,False
L. cornutus,3.0,30,0.4,4,0.5717192003215662,3.2299634570133158,0.9354258079104019,False
L. cornutus,3.0,30,0.5,5,0.595624261561256,3.219535513886568,0.838711963760125,False
L. cornutus,3.0,30,0.6,7,0.6868573984755948,3.303499383950226,0.6523421534525597,False
L. cornutus,3.0,60,0.25,4,0.5755561266317871,3.2425871794034773,0.8954682462771302,False
L. cornutus,3.0,60,0.3,5,0.5599743683685247,3.153641661653168,0.9445962616859114,False
L. cornutus,3.0,60,0.4,4,0.5830815469547578,3.400602994722658,0.9517016047158613,False
L. cornutus,3.0,60,0.5,4,0.5991803400986623,3.529612422775355,0.8874010671149279,False
L. cornutus,3.0,60,0.6,7,0.693034608728166,3.3172562287549137,0.7044776565178843,False
A. pennsylvanica,0.5,10,0.25,13,0.35068730034023554,1.6816110761303562,0.4371860702277208,False
A. pennsylvanica,0.5,10,0.3,9,0.31856351276841655,1.766261333526134,0.4580635865898365,False
A. pennsylvanica,0.5,10,0.4,7,0.3116464849715426,1.7914533205029406,0.48368762738025894,False
A. pennsylvanica,0.5,10,0.5,11,0.3566771757362897,1.8057257206010984,0.47341149969565377,False
A. pennsylvanica,0.5,10,0.6,9,0.4420299581797412,1.934888456038357,0.45257701233805764,False
A. pennsylvanica,0.5,30,0.25,8,0.48991531114611053,2.290030587453668,0.6321307853982396,False
A. pennsylvanica,0.5,30,0.3,10,0.406405406928127,2.1527215345740287,0.6678974024958613,False
A. pennsylvanica,0.5,30,0.4,6,0.3646507263924604,2.279062808951601,0.7148688751460637,False
A. pennsylvanica,0.5,30,0.5,5,0.35680958211788316,2.412695386054491,0.7052321522908723,False
A. pennsylvanica,0.5,30,0.6,8,0.39401274668109937,2.1970259922678617,0.6161587776775865,False
A. pennsylvanica,0.5,60,0.25,7,0.5403916537706066,2.488139577356232,0.7771350533008967,False
A. pennsylvanica,0.5,60,0.3,8,0.4216222211219032,2.358083059173767,0.7971041985745051,False
A. pennsylvanica,0.5,60,0.4,5,0.38319250590831805,2.483124603861294,0.832431972855665,False
A. pennsylvanica,0.5,60,0.5,5,0.3743446438269251,2.6873124222878713,0.8341654466680475,False
A. pennsylvanica,0.5,60,0.6,6,0.3655121940609133,2.473637119724753,0.7580272890284241,False
A. pennsylvanica,1.0,10,0.25,10,0.3664335708272508,1.8986992003924594,0.5411160686184814,False
A. pennsylvanica,1.0,10,0.3,4,0.3477571131644587,1.9602997847524,0.5854181129968166,False
A. pennsylvanica,1.0,10,0.4,3,0.3526779603727181,2.0620914149418326,0.6307887323317382,False
A. pennsylvanica,1.0,10,0.5,6,0.3944603727836944,2.070907198105518,0.6098141024660617,False
A. pennsylvanica,1.0,10,0.6,8,0.46002331934470164,2.1186159656938526,0.5487877267392638,False
A. pennsylvanica,1.0,30,0.25,7,0.48028884818399203,2.4327364409333696,0.7210168418194619,False
A. pennsylvanica,1.0,30,0.3,7,0.4209223561792344,2.41728281623857,0.7824864484964464,False
A. pennsylvanica,1.0,30,0.4,4,0.3820282938173501,2.4583641302622183,0.8352565851434979,False
A. pennsylvanica,1.0,30,0.5,3,0.3864894180971138,2.46018661531854,0.8118850786393708,False
A. pennsylvanica,1.0,30,0.6,6,0.428226646211817,2.2894291626857024,0.6993509762361783,False
A. pennsylvanica,1.0,60,0.25,7,0.5135079965471694,2.6529800114332303,0.8326584189049001,False
A. pennsylvanica,1.0,60,0.3,7,0.4322240009555669,2.4669969924554254,0.8643101663598542,False
A. pennsylvanica,1.0,60,0.4,5,0.3862142973701238,2.4623427975246606,0.9017462854914393,False
A. pennsylvanica,1.0,60,0.5,3,0.39016070688656307,2.6736493267595374,0.8958524570014057,False
A. pennsylvanica,1.0,60,0.6,5,0.4067504108770078,2.463093866424591,0.8096336391385169,False
A. pennsylvanica,1.5,10,0.25,4,0.37910852739429135,2.0106357744611083,0.6044216739709154,False
A. pennsylvanica,1.5,10,0.3,4,0.37305539867025334,2.0287538283880533,0.6666956699082912,False
A. pennsylvanica,1.5,10,0.4,4,0.38650920867363703,2.185990704648321,0.729439043514067,False
A. pennsylvanica,1.5,10,0.5,5,0.42755585524959516,2.2173735813180495,0.705867763111402,False
A. pennsylvanica,1.5,10,0.6,7,0.47795392279307297,2.2416292316613586,0.6217959581369098,False
A. pennsylvanica,1.5,30,0.25,7,0.47267789186993203,2.39303090079316,0.7741680094392311,False
A. pennsylvanica,1.5,30,0.3,3,0.4376144152055249,2.5607504920690456,0.8576233433293694,False
A. pennsylvanica,1.5,30,0.4,3,0.42360758802603216,2.664911109789105,0.9129341045762099,False
A. pennsylvanica,1.5,30,0.5,3,0.4322574838771789,2.612367937595333,0.8782465215405317,False
A. pennsylvanica,1.5,30,0.6,4,0.4567525806331967,2.4374336031078028,0.7524325811939478,False
A. pennsylvanica,1.5,60,0.25,7,0.4969556601136805,2.5935883873933094,0.8545967355887965,False
A. pennsylvanica,1.5,60,0.3,3,0.44757000405338226,2.6354060540433744,0.9056439434524284,False
A. pennsylvanica,1.5,60,0.4,3,0.4282586193200067,2.7021588680217565,0.9457967811878809,False
A. pennsylvanica,1.5,60,0.5,3,0.4355819763714171,2.658493963262769,0.9306357792586275,False
A. pennsylvanica,1.5,60,0.6,3,0.4434432756924243,2.5780758628729528,0.8384311147060985,False
A. pennsylvanica,2.0,10,0.25,4,0.3872046098198403,2.0396650894404003,0.637570680847753,False
A. pennsylvanica,2.0,10,0.3,4,0.38995555956532496,2.047617758496522,0.7134954771979782,False
A. pennsylvanica,2.0,10,0.4,4,0.4148488341325234,2.2224999409293664,0.7935342529900581,False
A. pennsylvanica,2.0,10,0.5,5,0.4524835140225038,2.284803659096128,0.7734095610063433,False
A. pennsylvanica,2.0,10,0.6,6,0.49296190213816765,2.3156213810691346,0.676260504972919,False
A. pennsylvanica,2.0,30,0.25,5,0.4674970867734217,2.439716946905855,0.798500068654662,False
A. pennsylvanica,2.0,30,0.3,4,0.45130108169961913,2.553961153843334,0.9019606516286903,False
A. pennsylvanica,2.0,30,0.4,4,0.45245520350999463,2.7003853821863975,0.9637064184159252,False
A. pennsylvanica,2.0,30,0.5,4,0.46204555591079,2.6853480749771044,0.922764059511974,False
A. pennsylvanica,2.0,30,0.6,4,0.47722386935258,2.5048037498560514,0.7892067919218868,False
A. pennsylvanica,2.0,60,0.25,5,0.4870493533800386,2.4988207705300836,0.8587828072123443,False
A. pennsylvanica,2.0,60,0.3,4,0.46049338753994107,2.6306948874672464,0.9339528644502341,False
A. pennsylvanica,2.0,60,0.4,4,0.4577836297363575,2.7450243991219025,0.9792209089114264,False
A. pennsylvanica,2.0,60,0.5,3,0.4670738611546123,2.744684759400207,0.9546697115889095,False
A. pennsylvanica,2.0,60,0.6,4,0.46812979527667203,2.636559484417567,0.8576097888580579,False
A. pennsylvanica,3.0,10,0.25,5,0.3969827129048611,1.9815760201628616,0.6462329801232594,False
A. pennsylvanica,3.0,10,0.3,4,0.41054619149027693,2.094820739578545,0.7409824019226662,True
A. pennsylvanica,3.0,10,0.4,5,0.44322733284806093,2.200743610672468,0.8541251015234211,False
A. pennsylvanica,3.0,10,0.5,6,0.4815345445167872,2.303058129862478,0.8546839453974167,False
A. pennsylvanica,3.0,10,0.6,6,0.5136149352261553,2.380996523168595,0.7493541719456251,False
A. pennsylvanica,3.0,30,0.25,5,0.4603129960026956,2.3679765522626344,0.7886125063754528,False
A. pennsylvanica,3.0,30,0.3,5,0.46277039041724366,2.3797030242270374,0.9208644742491597,False
A. pennsylvanica,3.0,30,0.4,4,0.48091798869014485,2.585082684082781,1.0089858979089281,False
A. pennsylvanica,3.0,30,0.5,4,0.49305808557828773,2.653446381757552,0.9739301203812967,False
A. pennsylvanica,3.0,30,0.6,5,0.5060541489384173,2.540824553186465,0.8380507844252165,False
A. pennsylvanica,3.0,60,0.25,5,0.47564203227492624,2.43599862515703,0.8400321865689663,False
A. pennsylvanica,3.0,60,0.3,5,0.4709554354356204,2.444415186830618,0.9483809181081543,False
A. pennsylvanica,3.0,60,0.4,5,0.48565995199052286,2.6260303295320986,1.0150397057697202,False
A. pennsylvanica,3.0,60,0.5,4,0.49651375393454006,2.7108255655415685,0.9851808812789541,False
A. pennsylvanica,3.0,60,0.6,4,0.49530439288570954,2.6488030347341924,0.8824482588701003,False
S. grossa,0.5,10,0.25,13,0.34183548741936043,1.7567325741651663,0.41987579903436223,False
S. grossa,0.5,10,0.3,9,0.32208900696691806,1.7604479075529753,0.4371924810403215,False
S. grossa,0.5,10,0.4,7,0.319112932316139,1.8409433143985012,0.45513170590214946,False
S. grossa,0.5,10,0.5,11,0.38370565336571794,1.8977543866467608,0.44438183241611623,False
S. grossa,0.5,10,0.6,8,0.4742463432718025,2.0459909716945806,0.43194447338152575,False
S. grossa,0.5,30,0.25,9,0.48866903621439967,2.3770173760033484,0.6233481471787393,False
S. grossa,0.5,30,0.3,8,0.4007306973968236,2.3214241856240174,0.6546389493411474,False
S. grossa,0.5,30,0.4,6,0.37927705343424,2.3562738050969956,0.6930794102254252,False
S. grossa,0.5,30,0.5,6,0.36744354426072107,2.3093333238707707,0.6671019534658158,False
S. grossa,0.5,30,0.6,8,0.4636950709823873,2.263482087373108,0.5697243171824289,False
S. grossa,0.5,60,0.25,8,0.5410240062577211,2.680661707423329,0.7672874831438967,False
S. grossa,0.5,60,0.3,8,0.435009005993631,2.447906581582968,0.7859226786025661,False
S. grossa,0.5,60,0.4,6,0.4055519130966468,2.4290260472280294,0.818009276335171,False
S. grossa,0.5,60,0.5,5,0.39628003046133947,2.4391254728484784,0.8080474909664652,False
S. grossa,0.5,60,0.6,7,0.4592676551004578,2.4846785876954613,0.6921547020183259,False
S. grossa,1.0,10,0.25,8,0.36129209802711104,1.9545206648613536,0.5262162181376301,False
S. grossa,1.0,10,0.3,6,0.3429666003149831,1.8937162223135195,0.5631100479360732,False
S. grossa,1.0,10,0.4,4,0.35676864868202374,2.042295319391741,0.5936695659714355,False
S. grossa,1.0,10,0.5,10,0.4173231378889552,2.106734379131479,0.5657156512471013,False
S. grossa,1.0,10,0.6,8,0.48917556138027807,2.193745665050105,0.5044742494592872,False
S. grossa,1.0,30,0.25,9,0.48668464128988614,2.404059768371609,0.7190443913333202,False
S. grossa,1.0,30,0.3,6,0.4210260449610545,2.5979756964576137,0.7684133316794817,False
S. grossa,1.0,30,0.4,3,0.3833038773621141,2.7331368674345855,0.8075486596616487,False
S. grossa,1.0,30,0.5,4,0.39305588810298886,2.6741611174942705,0.7658874275320351,False
S. grossa,1.0,30,0.6,8,0.48367183059494623,2.4202499940248794,0.6402692557507339,False
S. grossa,1.0,60,0.25,8,0.5218952765450008,2.65722144330894,0.829485522330027,False
S. grossa,1.0,60,0.3,6,0.4337685407526989,2.7577288949048926,0.8543591709461886,False
S. grossa,1.0,60,0.4,5,0.38864166361540314,2.8674770620080725,0.8850747993482426,False
S. grossa,1.0,60,0.5,4,0.3936590675579468,2.882050536942004,0.8670292490739959,False
S. grossa,1.0,60,0.6,7,0.47805072584408015,2.5857828941391876,0.738768157734887,False
S. grossa,1.5,10,0.25,4,0.3790385545578462,2.033834919264482,0.5956209614398481,False
S. grossa,1.5,10,0.3,3,0.3725587539901847,2.080530538298267,0.6481751188455982,False
S. grossa,1.5,10,0.4,4,0.3953715154071151,2.1242473620454585,0.6910311715006159,False
S. grossa,1.5,10,0.5,7,0.44689725781029044,2.215135878255047,0.6552527028714564,False
S. grossa,1.5,10,0.6,7,0.5040018324729072,2.297306761610245,0.5631212221802182,False
S. grossa,1.5,30,0.25,7,0.48348114815902293,2.5973051898074044,0.7817846257889403,False
S. grossa,1.5,30,0.3,4,0.44152617747193523,2.6327779191037504,0.8458346170384627,False
S. grossa,1.5,30,0.4,3,0.4286390795035208,2.8128643685586305,0.8820383321481022,False
S. grossa,1.5,30,0.5,3,0.4379822323771589,2.782082243941806,0.8283252039415329,False
S. grossa,1.5,30,0.6,7,0.502026835536877,2.4842608235449677,0.6865096157942691,False
S. grossa,1.5,60,0.25,8,0.5081518015045913,2.6753134377988688,0.862069246706543,False
S. grossa,1.5,60,0.3,3,0.4520469876309269,2.7774742160598507,0.8975211391583515,False
S. grossa,1.5,60,0.4,3,0.43425501496481894,2.9420518625105982,0.9263108181738786,False
S. grossa,1.5,60,0.5,3,0.4425266398698184,2.9844883777605395,0.8997796627356436,False
S. grossa,1.5,60,0.6,7,0.4975825184209323,2.6076018892846955,0.767301973811716,False
S. grossa,2.0,10,0.25,4,0.3920919745859412,2.043912388925337,0.6367944105892809,False
S. grossa,2.0,10,0.3,3,0.3945001869414829,2.1752913415908535,0.7015332710310858,False
S. grossa,2.0,10,0.4,4,0.42289697336041226,2.246411325440896,0.7576416460563208,False
S. grossa,2.0,10,0.5,7,0.46944181089197934,2.2914474607102613,0.7208488160155616,False
S. grossa,2.0,10,0.6,7,0.516532332227805,2.389666794537791,0.6085477915384443,False
S. grossa,2.0,30,0.25,5,0.4816751907182242,2.6346074789988223,0.8176967552744472,False
S. grossa,2.0,30,0.3,4,0.45979705002530913,2.5659800287572,0.8964133843602378,False
S. grossa,2.0,30,0.4,4,0.45722232268259017,2.772955232070162,0.9335357168150237,False
S. grossa,2.0,30,0.5,4,0.4672930293416385,2.7829792305233103,0.8720084093850935,False
S. grossa,2.0,30,0.6,7,0.5165292155047208,2.5071330285538833,0.7192427871713107,False
S. grossa,2.0,60,0.25,5,0.5011405799674657,2.731939444523397,0.8774070264335783,False
S. grossa,2.0,60,0.3,4,0.46931085529438077,2.69084913719399,0.9287473200811545,False
S. grossa,2.0,60,0.4,4,0.4638036574042068,2.885967287175353,0.9566895201780088,False
S. grossa,2.0,60,0.5,4,0.4729028225691563,2.9637253707011237,0.9214520010811489,False
S. grossa,2.0,60,0.6,7,0.5129962277799001,2.602132573794887,0.786705367624694,False
S. grossa,3.0,10,0.25,5,0.40606935759150303,2.0738717163881186,0.6622989352525207,False
S. grossa,3.0,10,0.3,4,0.4174823078174456,2.197143112295689,0.7457058176401108,True
S. grossa,3.0,10,0.4,5,0.4509880800244942,2.327500388061938,0.8308858253358611,False
S. grossa,3.0,10,0.5,7,0.4962472710282947,2.4100563503151107,0.8059669803406688,False
S. grossa,3.0,10,0.6,7,0.5340620393008964,2.501081215088283,0.6718222260284771,False
S. grossa,3.0,30,0.25,5,0.4787389103068204,2.4933319735256445,0.8299639353492003,False
S. grossa,3.0,30,0.3,4,0.47857488158786354,2.588280474290684,0.9341851399553909,False
S. grossa,3.0,30,0.4,4,0.49504145343502204,2.656730185675558,0.9873305304528592,False
S. grossa,3.0,30,0.5,5,0.5087860897588921,2.6808784327200987,0.9253952611710654,False
S. grossa,3.0,30,0.6,7,0.5356859561419441,2.5672558890042896,0.7632425540612086,False
S. grossa,3.0,60,0.25,5,0.494285566845829,2.5856628884772537,0.8790601946338337,False
S. grossa,3.0,60,0.3,5,0.4871608882441429,2.6201507645800644,0.9584233875398342,False
S. grossa,3.0,60,0.4,5,0.5009209649655266,2.672412643329113,0.9952885966843035,False
S. grossa,3.0,60,0.5,5,0.5132569040459221,2.8192818449650487,0.9497522181086407,False
S. grossa,3.0,60,0.6,7,0.53322060348017,2.6088274739201176,0.8124893157809685,False
