species,condition,hour,mean_activity
L. cornutus,DD,0,0.0458095276138278
L. cornutus,DD,1,0.040501856421049816
L. cornutus,DD,2,0.04898284855240098
L. cornutus,DD,3,0.05912266260995679
L. cornutus,DD,4,0.08467255758960023
L. cornutus,DD,5,0.0819207362180001
L. cornutus,DD,6,0.12221784572974696
L. cornutus,DD,7,0.12573063290323588
L. cornutus,DD,8,0.19061797028709718
L. cornutus,DD,9,0.35412065006660215
L. cornutus,DD,10,0.5715912164366077
L. cornutus,DD,11,0.8879913696205313
L. cornutus,DD,12,1.3057291319906714
L. cornutus,DD,13,0.6826650115520763
L. cornutus,DD,14,0.5009273705533099
L. cornutus,DD,15,0.37660652853723514
L. cornutus,DD,16,0.4725348261909458
L. cornutus,DD,17,0.2810869147092756
L. cornutus,DD,18,0.3384032850846662
L. cornutus,DD,19,0.1800559705110548
L. cornutus,DD,20,0.15084096897290683
L. cornutus,DD,21,0.11393248790648733
L. cornutus,DD,22,0.029426110943000593
L. cornutus,DD,23,0.036001477681080335
L. cornutus,LD,0,0.17189894636015324
L. cornutus,LD,1,0.25590277777777776
L. cornutus,LD,2,0.1888050766283525
L. cornutus,LD,3,0.1130507662835249
L. cornutus,LD,4,0.11621168582375478
L. cornutus,LD,5,0.09250478927203062
L. cornutus,LD,6,0.10494492337164747
L. cornutus,LD,7,0.07359913793103447
L. cornutus,LD,8,0.07176724137931031
L. cornutus,LD,9,0.04875478927203061
L. cornutus,LD,10,0.0351053639846743
L. cornutus,LD,11,0.047473659003831395
L. cornutus,LD,12,0.4381944444444445
L. cornutus,LD,13,0.5490301724137931
L. cornutus,LD,14,0.36963601532567053
L. cornutus,LD,15,0.2638170498084291
L. cornutus,LD,16,0.2137332375478927
L. cornutus,LD,17,0.2393079501915708
L. cornutus,LD,18,0.22874760536398467
L. cornutus,LD,19,0.20855185383630792
L. cornutus,LD,20,0.1607854406130268
L. cornutus,LD,21,0.15012452107279692
L. cornutus,LD,22,0.07123563218390803
L. cornutus,LD,23,0.0450862068965517
A. pennsylvanica,DD,0,0.35724382838115676
A. pennsylvanica,DD,1,0.3575226134890466
A. pennsylvanica,DD,2,0.3659178442955081
A. pennsylvanica,DD,3,0.30699511391287254
A. pennsylvanica,DD,4,0.4012795195639755
A. pennsylvanica,DD,5,0.42693621155954325
A. pennsylvanica,DD,6,0.4577761921677567
A. pennsylvanica,DD,7,0.4053653842860754
A. pennsylvanica,DD,8,0.37146799806244224
A. pennsylvanica,DD,9,0.426021200516959
A. pennsylvanica,DD,10,0.4369917140982213
A. pennsylvanica,DD,11,0.5572655237519804
A. pennsylvanica,DD,12,1.4223299307338484
A. pennsylvanica,DD,13,0.7294471604083369
A. pennsylvanica,DD,14,0.5302168842022579
A. pennsylvanica,DD,15,0.754532374630589
A. pennsylvanica,DD,16,0.3993292941320132
A. pennsylvanica,DD,17,0.5164571394361657
A. pennsylvanica,DD,18,0.37531970962784467
A. pennsylvanica,DD,19,0.4617338636484656
A. pennsylvanica,DD,20,0.3544542147209289
A. pennsylvanica,DD,21,0.30657334887518
A. pennsylvanica,DD,22,0.30153980909599104
A. pennsylvanica,DD,23,0.35409044954365787
A. pennsylvanica,LD,0,0.4877136752136752
A. pennsylvanica,LD,1,0.1988782051282051
A. pennsylvanica,LD,2,0.23530982905982895
A. pennsylvanica,LD,3,0.31100427350427345
A. pennsylvanica,LD,4,0.275267094017094
A. pennsylvanica,LD,5,0.1869658119658119
A. pennsylvanica,LD,6,0.27510683760683763
A. pennsylvanica,LD,7,0.24022435897435893
A. pennsylvanica,LD,8,0.2325854700854701
A. pennsylvanica,LD,9,0.18872863247863247
A. pennsylvanica,LD,10,0.18466880341880332
A. pennsylvanica,LD,11,0.2339209401709401
A. pennsylvanica,LD,12,0.8677576838172866
A. pennsylvanica,LD,13,0.6707692307692306
A. pennsylvanica,LD,14,0.4455982905982907
A. pennsylvanica,LD,15,0.4243589743589744
A. pennsylvanica,LD,16,0.47555555555555556
A. pennsylvanica,LD,17,0.385128205128205
A. pennsylvanica,LD,18,0.3762393162393162
A. pennsylvanica,LD,19,0.4995299145299145
A. pennsylvanica,LD,20,0.40824786324786305
A. pennsylvanica,LD,21,0.3664102564102564
A. pennsylvanica,LD,22,0.4088888888888889
A. pennsylvanica,LD,23,0.4136752136752136
S. grossa,DD,0,0.1657403432402034
S. grossa,DD,1,0.10525457222684058
S. grossa,DD,2,0.13536905770176336
S. grossa,DD,3,0.10085774892539619
S. grossa,DD,4,0.13424668014311253
S. grossa,DD,5,0.19636688018539383
S. grossa,DD,6,0.19168040954556764
S. grossa,DD,7,0.1738139844951452
S. grossa,DD,8,0.15754215397901072
S. grossa,DD,9,0.2690213831396593
S. grossa,DD,10,0.2358588248861665
S. grossa,DD,11,0.4132754909127488
S. grossa,DD,12,1.2109471313252604
S. grossa,DD,13,0.4470829653871054
S. grossa,DD,14,0.3601492675875045
S. grossa,DD,15,0.22002404204841705
S. grossa,DD,16,0.22413309416067892
S. grossa,DD,17,0.3331795008149068
S. grossa,DD,18,0.2031651202624335
S. grossa,DD,19,0.16879008477183363
S. grossa,DD,20,0.23614146582750625
S. grossa,DD,21,0.18049802931885248
S. grossa,DD,22,0.16478736053317392
S. grossa,DD,23,0.24283318739045676
S. grossa,LD,0,0.09611111111111106
S. grossa,LD,1,0.04314814814814813
S. grossa,LD,2,0.1172222222222222
S. grossa,LD,3,0.2236507936507936
S. grossa,LD,4,0.17011111111111107
S. grossa,LD,5,0.01866666666666665
S. grossa,LD,6,0.02281481481481479
S. grossa,LD,7,0.026629629629629604
S. grossa,LD,8,0.055814814814814775
S. grossa,LD,9,0.12340740740740737
S. grossa,LD,10,0.10844444444444437
S. grossa,LD,11,0.09781481481481477
S. grossa,LD,12,0.33929065489330396
S. grossa,LD,13,0.9777777777777776
S. grossa,LD,14,0.20511111111111108
S. grossa,LD,15,0.17133333333333328
S. grossa,LD,16,0.1451111111111111
S. grossa,LD,17,0.06044444444444444
S. grossa,LD,18,0.01685185185185184
S. grossa,LD,19,0.07200000000000001
S. grossa,LD,20,0.16555555555555554
S. grossa,LD,21,0.04318518518518515
S. grossa,LD,22,0.038148148148148125
S. grossa,LD,23,0.03388888888888888
