species,condition,animal,fwhm_h,peak6_frac,max_jump,peak_to_mean,vector_r,n_peaks
L. cornutus,DD,Lc7,7,0.72528774407708,0.9094657919400189,3.9702119363882153,0.7655232046525684,4
L. cornutus,DD,Lc8,3,0.8935312543254811,0.44318181818181823,7.4407958851249605,0.8921794937580562,2
L. cornutus,DD,Lc63,7,0.5322100542517534,0.7439292114695341,3.297988562202216,0.5662226156922606,4
L. cornutus,DD,Lc65,6,0.5754145955136658,0.4289009126850382,3.2630491069376544,0.5728194491424536,5
L. cornutus,DD,Lc69,6,0.7494772450779079,0.6517699115044251,3.8176647995460593,0.6087382993704457,3
L. cornutus,DD,Lc72,4,0.7341844961687549,0.7198448208974525,5.447394376223255,0.5694514071073875,4
L. cornutus,DD,Lc73,1,0.5968595328567052,0.7661295426332058,6.085200324719213,0.6166600956232544,5
L. cornutus,DD,Lc74,6,0.8511561676319364,0.6727276580414097,4.752679885836154,0.8263773758271994,2
L. cornutus,DD,Lc75,2,0.7841703955388561,0.5584168099395662,5.517793678793682,0.7292615463569072,1
L. cornutus,DD,Lc76,6,0.7704059971933727,0.3454892471285914,4.471550568715952,0.8253718626611393,2
L. cornutus,DD,Lc78,3,0.714591650103231,0.8904028577470353,5.148266862286676,0.6672221229392923,3
L. cornutus,DD,Lc79,6,0.5623749225772006,0.7331855136733186,3.139143384663969,0.48988799117767645,7
L. cornutus,DD,Lc80,7,0.4621913903216414,0.748226482710417,2.467060542904575,0.3370735943426296,6
L. cornutus,DD,Lc81,5,0.7026378237852636,0.7243975903614457,5.0607378192773105,0.7468590842305571,3
L. cornutus,DD,Lc82,4,0.8017574945256156,0.48545376408378327,5.5810781063534725,0.7998031123102749,2
L. cornutus,DD,Lc85,3,0.5029408414144665,0.7646244375216338,4.040426695009655,0.5085475615054477,5
L. cornutus,DD,Lc86,3,0.7911934635580316,0.49213783050413445,6.506408852850023,0.7530282755007589,1
L. cornutus,DD,Lc87,4,0.7212921421515825,0.6504804776043164,4.899324694772613,0.7450069885594248,4
L. cornutus,DD,Lc100,3,0.8161201013129062,0.8878278688524591,6.096218661815785,0.7865056569765326,4
L. cornutus,DD,LcF8,2,0.735580494592709,0.5309278350515464,5.36638696485783,0.5693410263045459,3
L. cornutus,DD,LcF23,1,0.6513036619923054,0.7583905148671989,6.992529201386762,0.6533932106665463,3
L. cornutus,DD,LcF27,2,0.49542947302410895,0.5234682245654034,3.802075918238278,0.42107289582199653,6
L. cornutus,DD,LcF30,8,0.5441459004355969,0.558038822003532,3.0372241754481717,0.6195864708631039,4
L. cornutus,DD,LcF31,4,0.8895093093065559,0.8307349665924276,5.779843120934723,0.8883213901967327,2
L. cornutus,DD,LcF44,5,0.5373025518935335,0.8612153747385751,3.635764948840165,0.587974727340187,4
L. cornutus,DD,LcF45,10,0.5994102283315147,0.7667031376839728,2.7874134625138396,0.67232881358778,4
L. cornutus,DD,LcF48,7,0.5623540041326986,0.8211926233660958,3.769962718322808,0.592344294736215,4
L. cornutus,DD,LcF49,10,0.5795526724768617,0.4115107913669065,2.6059360986962736,0.6407634186011878,2
L. cornutus,DD,LcF52,10,0.573613868709174,0.5832435856826101,2.707672964562564,0.5982340328955841,4
L. cornutus,DD,LcF53,4,0.5743757024182908,0.7100023534949401,4.193787751391374,0.6586224846707189,4
L. cornutus,LD,Lc8,2,0.8262771118442062,0.9627118644067798,11.18554866511851,0.6844865745380674,2
L. cornutus,LD,Lc65,5,0.6320192278014524,0.8306342780026991,3.7723879668471323,0.6497972109672473,4
L. cornutus,LD,Lc74,5,0.8004644386737886,1.0,5.114655893863688,0.7282917564246971,3
L. cornutus,LD,Lc75,5,0.7196461191797737,0.8742857142857144,4.189208178177476,0.715519085630175,3
L. cornutus,LD,Lc76,4,0.7511079516505734,0.9380804953560372,4.487544386277647,0.7105384269030031,4
L. cornutus,LD,Lc78,2,0.7200000000000002,0.9822485207100591,8.640000000000002,0.5198103446981471,2
L. cornutus,LD,Lc81,4,0.6955629570297913,1.0,4.360800602729113,0.7362861561322547,4
L. cornutus,LD,Lc82,3,0.7332348521192258,0.6213668499607227,5.401926983830861,0.756268610807504,3
L. cornutus,LD,Lc85,2,0.637218759488344,0.873451803984922,5.733810957576521,0.555760632121863,5
L. cornutus,LD,Lc87,2,0.4084981916462014,0.9646677471636952,4.786159378887118,0.21345499803093404,5
L. cornutus,LD,Lc100,3,0.7458093602618691,0.9395604395604397,4.854985522539261,0.7250578870339254,4
L. cornutus,LD,Lc6,2,0.732410546270603,0.6431924882629108,5.986427361294485,0.6468071587864842,3
L. cornutus,LD,Lc11,6,0.6520255906746878,0.4376770538243626,3.5696031044885013,0.6529527533434655,4
L. cornutus,LD,Lc13,6,0.6067904227410089,0.7246963562753036,4.001585361803873,0.5974815264218621,4
L. cornutus,LD,Lc14,2,0.9023290289006581,0.9148174659985683,6.287050640270423,0.8423277918590313,2
L. cornutus,LD,Lc15,9,0.5614255991834848,0.6406460296096904,2.9175030647467355,0.6680456885282325,3
L. cornutus,LD,Lc90,5,0.5809589611852065,0.7425860023724792,3.6020522552089203,0.6106617442359714,3
L. cornutus,LD,Lc92,2,0.6139384722458684,0.8571428571428573,4.3459274730555135,0.535210395744263,4
L. cornutus,LD,Lc93,4,0.6106038527369374,0.7129943502824859,5.474557126269544,0.6634207119618406,3
L. cornutus,LD,Lc95,3,0.7396284981876622,1.0,4.5790810492448335,0.7109831776733582,2
L. cornutus,LD,LcF23,4,0.7192041135703108,0.6761904761904761,4.507042253521127,0.696652761566915,4
L. cornutus,LD,LcF22,2,0.71631000578369,0.7540372670807454,5.587044534412956,0.638510556050506,5
L. cornutus,LD,LcF21,2,0.7757920389926892,0.9973544973544975,7.369618196588143,0.6165816543559549,2
L. cornutus,LD,LcF20,2,0.7421499815293684,0.806378132118451,5.8381972663465085,0.7485046410533771,3
L. cornutus,LD,LcF19,8,0.6849771119434042,0.564864864864865,3.6953807740324596,0.7389563521664771,2
L. cornutus,LD,LcF11,6,0.5232095490716182,0.965686274509804,3.2466843501326275,0.5435047439190512,4
L. cornutus,LD,LcF5,3,0.7403846153846153,0.8309859154929577,5.851648351648352,0.6754227536995793,4
L. cornutus,LD,LcF6,3,0.736174530695079,0.5151515151515152,4.8219178082191805,0.6921793853076683,4
L. cornutus,LD,LcF2,1,0.8473913043478262,0.6841317365269461,6.970434782608697,0.7397373211932358,3
A. pennsylvanica,DD,Ag8F,6,0.3797927820266748,0.8085379186038062,2.1547468311366935,0.2297721856398339,7
A. pennsylvanica,DD,Ag17F,6,0.4276565106733582,0.765692007797271,2.4813833371800937,0.20771086390822735,8
A. pennsylvanica,DD,Ag27F,7,0.33762449092740415,0.7226964324797549,2.068857815790397,0.11416637100995392,8
A. pennsylvanica,DD,Ag33F,3,0.49185192338632505,0.8063691204756076,3.365148165941272,0.3097440923485568,5
A. pennsylvanica,DD,Ag46F,1,0.43846718169166504,0.7910132853360656,5.539623088996937,0.22808975067762882,3
A. pennsylvanica,DD,Ag60F,8,0.36654237670131423,0.8406593406593407,2.237147288813175,0.21816111990316456,8
A. pennsylvanica,DD,Ag62F,10,0.40813943563069827,0.9535800500520454,2.205340738357465,0.28761462454450853,7
A. pennsylvanica,DD,Ag69F,5,0.45287310493127597,0.8626780492406374,3.0562288567387776,0.277861506336207,7
A. pennsylvanica,DD,Ag72F,2,0.4765163412893972,0.909243456277668,3.956683594412192,0.27682225555198214,7
A. pennsylvanica,DD,Ag77F,2,0.5558493965294344,0.9856816113182267,5.642000179086161,0.3488777179918242,4
A. pennsylvanica,DD,Ag75F,5,0.4086723817788527,0.6984601254368659,3.036988221700408,0.21652959224230067,8
A. pennsylvanica,DD,Ag1M,1,0.41703965088930156,0.8700476048679942,4.85311341107817,0.20869582195304895,5
A. pennsylvanica,DD,Ag3M,10,0.4611940311985267,0.6287323043747378,2.266336299737718,0.3930368895015425,7
A. pennsylvanica,DD,Ag5M,4,0.3891864321320472,0.6705888478159004,2.9837626463456957,0.20284870478401462,7
A. pennsylvanica,DD,Ag6M,3,0.5080092890587858,0.7884615384615384,3.5313479143273585,0.2976412457259761,6
A. pennsylvanica,DD,Ag7M,5,0.4007319032680185,0.7483695652173913,2.4386992868809703,0.2268329457422514,7
A. pennsylvanica,DD,Ag10M,6,0.46443733910363677,0.5973597359735974,2.948519090781928,0.32456291452523883,7
A. pennsylvanica,DD,Ag13M,4,0.37377660400807833,0.6245644599303135,2.5502563305887835,0.1571929325643934,8
A. pennsylvanica,DD,Ag24M,4,0.38641560399757857,0.5667145033060107,2.474203444484385,0.28642080373133777,5
A. pennsylvanica,DD,Ag26M,5,0.4007834805845789,0.5888425925925925,2.3122932882240326,0.18196393214552353,5
A. pennsylvanica,DD,Ag28M,5,0.4211191951997411,0.944754118667162,2.779511893241943,0.18651725246014797,7
A. pennsylvanica,DD,Ag29M,4,0.5487458617722634,0.5110417106593906,3.356786821027754,0.40257102447740484,5
A. pennsylvanica,LD,Ag8F,9,0.32546446838018267,0.6918276374442794,2.377754512606585,0.12527283264923986,9
A. pennsylvanica,LD,Ag17F,3,0.5369904066189606,0.9429241003931055,4.510806097756358,0.36870613828047655,4
A. pennsylvanica,LD,Ag27F,4,0.43771534457704653,0.8972000139650176,3.333733992534644,0.23239026782203595,6
A. pennsylvanica,LD,Ag33F,3,0.47153164864544644,0.804101838755304,3.5151092418636756,0.3747386871017989,5
A. pennsylvanica,LD,Ag46F,6,0.46183465522277395,0.6652314316469322,2.5801671647156628,0.3110413924534202,7
A. pennsylvanica,LD,Ag60F,6,0.5156885052373575,0.8106796116504856,3.1989510287245873,0.4317329094306305,5
A. pennsylvanica,LD,Ag62F,7,0.47674077372218465,0.8330742391266799,3.0600783234332787,0.3895187147688096,5
A. pennsylvanica,LD,Ag69F,7,0.4980061665945182,0.6161841128433556,3.0480147882509137,0.4015008237012613,6
A. pennsylvanica,LD,Ag75F,10,0.4165370826010545,0.9498432601880876,2.252102636203867,0.2954261080107608,8
A. pennsylvanica,LD,Ag3M,5,0.5267470877520265,0.9178189363402894,3.7118762638303497,0.4700140678444663,5
A. pennsylvanica,LD,Ag5M,2,0.39651653313047686,0.7448275862068965,3.2508985289613817,0.25226445459690167,7
A. pennsylvanica,LD,Ag6M,2,0.48816010293346473,0.6741573033707865,4.097518027644061,0.3476691656873663,5
A. pennsylvanica,LD,Ag7M,2,0.3820185661238515,0.8892674616695058,4.347451859482782,0.2725825108776821,7
A. pennsylvanica,LD,Ag10M,2,0.6104629784630826,0.9592385861945856,5.1856075383368845,0.4425371136683645,3
A. pennsylvanica,LD,Ag13M,9,0.36943889851120465,0.8813307719175689,2.2161257477284906,0.23400075864879682,7
A. pennsylvanica,LD,Ag24M,2,0.35646371174192576,0.8848698226178997,3.241047773841391,0.2045809989227728,7
A. pennsylvanica,LD,Ag26M,2,0.5229786393861209,0.709012748295286,4.396186102291095,0.3853269793666187,3
A. pennsylvanica,LD,Ag28M,3,0.49256906574715753,0.936473103118924,5.300311434808337,0.2977683627699659,4
A. pennsylvanica,LD,Ag29M,2,0.5496595838179776,0.9133298089268181,4.1154172959999755,0.4317675788104758,4
A. pennsylvanica,LD,Ag49M,4,0.44423753362300844,0.8294117647058825,3.3767846058348847,0.3001690443421455,5
A. pennsylvanica,LD,Ag58M,6,0.5522292410509932,0.9502407704654896,4.1065641307333145,0.3943639475230972,5
A. pennsylvanica,LD,Ag68M,5,0.43768269997342546,0.7976190476190476,3.2909912304012763,0.2691179815621076,7
A. pennsylvanica,LD,Ag93M,1,0.6160900375156315,0.7725321888412017,6.992913714047521,0.5628372175827919,4
A. pennsylvanica,LD,Ag45F,2,0.5639458751636841,0.9429569266589057,6.020078568310782,0.4134304840823957,5
A. pennsylvanica,LD,Ag76F,1,0.40096214181133655,0.9262981574539364,5.99372516209998,0.17516585360486783,5
A. pennsylvanica,LD,Ag90F,1,0.6660792951541851,1.0,9.959471365638768,0.6085576758220596,3
S. grossa,DD,SgA3,4,0.7654282609835277,0.9685301415851701,5.078820180593172,0.5511497132575931,4
S. grossa,DD,SgA4,4,0.6960802933812018,0.7552083333333336,4.901313761378004,0.5705606641700428,4
S. grossa,DD,SgA9,1,0.6680381030757929,0.7567517536378482,7.96283544937166,0.528350293285723,2
S. grossa,DD,SgA11,8,0.41273692893410424,0.7018970189701897,2.7350539382242833,0.3218335019095705,7
S. grossa,DD,SgA12,4,0.6676967740834006,0.8686679174484052,5.187999878968331,0.4156075037434843,4
S. grossa,DD,SgA13,4,0.7207717765280554,0.6295562038007307,4.727757584188255,0.6307939937579699,4
S. grossa,DD,SgA14,1,0.6080240852197291,1.0,8.866126579604602,0.5117795356464023,4
S. grossa,DD,SgA15,2,0.9092459390425083,0.962232640660934,9.626965802753757,0.8857828221971822,1
S. grossa,DD,SgA17,2,0.49859240376030045,1.0,4.776833596142003,0.27812361466853186,6
S. grossa,DD,SgA18,4,0.6452356031211242,0.960698689956332,5.059746753199093,0.4233701104123092,5
S. grossa,DD,SgA19,3,0.41433894261636023,0.8297544910179641,3.7467419932345734,0.2576636797136724,7
S. grossa,DD,SgA21,4,0.6967178491945635,0.8356904386534358,5.624046370561449,0.5976447226007706,5
S. grossa,DD,SgA22,3,0.6530393698936252,0.7021733039823896,5.297666498673669,0.5763863651821243,5
S. grossa,DD,SgA25,4,0.7135186344214156,0.7544327212935051,4.99404469812482,0.6041022105273999,4
S. grossa,DD,SgB5,6,0.39026863820059393,0.8112629329734594,3.5609959952015755,0.22722177472558214,5
S. grossa,DD,SgB6,5,0.5387465055937193,0.959641255605381,3.482909471204211,0.34937137237994603,9
S. grossa,DD,SgB13,3,0.6155471270807765,0.8823529411764708,5.479750590837226,0.4941001395316787,5
S. grossa,DD,SgB14,2,0.37655255578395036,0.6690519887108466,4.845267715886636,0.296979621952419,5
S. grossa,DD,SgB15,13,0.35593699064435863,0.83125,2.061743119601821,0.1744008480058288,7
S. grossa,DD,SgB17,3,0.35487056247689563,0.9248052970068655,3.1735178937763298,0.1471746066348377,7
S. grossa,DD,SgB19,3,0.5313400386423193,0.9980092829348655,5.815605618606901,0.494639301179268,4
S. grossa,DD,SgB20,7,0.6705657429188333,0.6232475873761086,3.560652000748457,0.570485496179393,5
S. grossa,DD,SgB22,2,0.5314920318895723,0.8218668244674225,5.022485748955362,0.28929066393287056,7
S. grossa,DD,SgB23,3,0.5845676109548419,1.0,5.299686735726354,0.30531090293668733,5
S. grossa,LD,SgA4,2,0.5702969526859278,0.9433962264150942,7.470372795218682,0.3458151806610034,3
S. grossa,LD,SgA5,2,0.7938931297709925,1.0,7.709312977099237,0.6930834011297281,3
S. grossa,LD,SgA10,2,0.642927607717975,0.7303267973856209,5.993036413753086,0.45742727353956325,3
S. grossa,LD,SgA11,1,0.6946468347887924,0.9565689467969598,12.234790991834195,0.5675545787580454,2
S. grossa,LD,SgA12,1,0.7569720180936401,1.0,8.4496116598926,0.5935899921740423,3
S. grossa,LD,SgA13,1,0.5967921860040231,0.9740535731936346,8.531028485599096,0.3585791797960086,3
S. grossa,LD,SgA16,5,0.631755892858585,0.8000000000000002,4.682309176897466,0.4747901959294631,4
S. grossa,LD,SgA17,1,0.8003301355153043,1.0,10.585757264185748,0.6439637195951458,1
S. grossa,LD,SgA18,3,0.508381142183438,0.9201058201058201,6.712806523379886,0.49470028972102026,2
S. grossa,LD,SgA19,1,0.7271136286858975,0.7358877325764742,10.60792784386304,0.5182427936641311,1
S. grossa,LD,SgB1,2,0.8833508482209879,0.8011363636363636,11.414502326977933,0.7955299059282721,1
S. grossa,LD,SgB5,1,0.9872527024270857,0.8957528957528957,13.311849887823783,0.9359621172620806,2
S. grossa,LD,SgB11,2,0.7003647733194373,1.0,6.933611255862431,0.5080902999536911,2
S. grossa,LD,SgB12,3,0.8822693814299859,1.0,7.289569971159229,0.7498809342733277,3
S. grossa,LD,SgB13,4,0.6966292134831462,1.0,6.3370786516853945,0.5396348476103401,4
