species,variant,beta,n,pct_rhythmic_DD,pct_entrained_LS,pct_entrained_true,tau_DD_mean,tau_DD_sd,tau_LS_LD_mean,tau_LS_LD_sd,A_DD,A_LD,phase_ZT,vector_r,light_dark,fwhm_LD,peak6_LD,max_jump_LD,edge_sharp_LD,damping_LD,peaks_per_day,tau_LD_sd_entrained
A. pennsylvanica,fitted,0.0,500,95.8,19.400000000000002,0.2,22.488442301587302,4.557580603581313,21.757825734901,4.272036868754882,0.6406967,0.6580749,8.98500262921077,0.09501344923519287,0.9585127,10.086,0.30521459843190474,0.3481520264681239,0.1979809285870902,0.9949771,1.0915955056179776,0.7141936879860477
A. pennsylvanica,fitted,0.03,500,95.8,19.2,1.2,22.488442301587302,4.557580603581313,21.769780462909083,4.246316962320441,0.6406967,0.6560419,8.85659209399198,0.09748920237756031,0.96101344,10.042,0.30557575455702035,0.3572247672104432,0.20234147514676493,0.9964311,1.0955505617977528,0.6088680249540309
A. pennsylvanica,fitted,0.06,500,95.8,21.4,5.0,22.488442301587302,4.557580603581313,21.792027780064906,4.211815013786814,0.6406967,0.6571726,8.79798088505698,0.10054704571593631,0.95465785,9.86,0.3080867013291578,0.3754469344592844,0.20324516589806266,0.99570376,1.0959101123595505,0.4796265368859269
A. pennsylvanica,fitted,0.09,500,95.8,22.8,12.4,22.488442301587302,4.557580603581313,21.772104930649856,4.1936920538161955,0.6406967,0.6586367,9.206500842636732,0.10433299034275603,0.94569427,9.754,0.31082664218099193,0.3801864706256029,0.19742141107400912,1.0045329,1.099865168539326,0.32373365691127143
A. pennsylvanica,fitted,0.12,500,95.8,26.0,17.2,22.488442301587302,4.557580603581313,21.755796743337047,4.147609943275819,0.6406967,0.65793264,9.260042018478766,0.10909859331530104,0.942981,9.626,0.31431895199750465,0.3800605393076666,0.1848132634084375,1.0123417,1.1048988764044942,0.3116080227739892
A. pennsylvanica,fitted,0.2,500,95.8,35.8,22.6,22.488442301587302,4.557580603581313,21.68505740179402,4.038931187015533,0.6406967,0.66554165,9.990063240477918,0.12420121426114734,0.9291831,8.716,0.32698541984225715,0.3968223985200375,0.1742216413398417,1.0032395,1.1034606741573034,0.33515968395811113
A. pennsylvanica,fitted,0.3,500,95.8,39.6,28.199999999999996,22.488442301587302,4.557580603581313,21.475224272956783,3.9515882519512626,0.6406967,0.6849996,10.491872235331291,0.13620399036449862,0.8969384,8.028,0.3381985440156788,0.39752839005529844,0.15575721056719802,1.0153028,1.1034606741573034,0.22908439451838097
A. pennsylvanica,fitted,0.5,500,95.8,46.800000000000004,36.199999999999996,22.488442301587302,4.557580603581313,21.360040728929473,3.878084750855528,0.6406967,0.7231615,11.363972970713096,0.1609167348738956,0.8676387,7.384,0.35774084163371017,0.39603755212168407,0.12329963686250313,1.015393,1.1228764044943822,0.2053062567417006
A. pennsylvanica,fitted,0.75,500,95.8,49.6,42.8,22.488442301587302,4.557580603581313,21.186354221795085,3.8823855189208354,0.6406967,0.76071566,11.632339256589704,0.17901426510238294,0.8381671,6.86,0.37361618443193173,0.4053576062679667,0.10640029206949325,1.0300093,1.1437303370786518,0.14056395829786106
A. pennsylvanica,fitted,1.0,500,95.8,52.0,45.6,22.488442301587302,4.557580603581313,20.981624061769182,3.9911936412254896,0.6406967,0.7786835,11.53835220736226,0.18890071978148118,0.81434846,6.408,0.38362139863529277,0.4226479934375462,0.09850758414511795,1.0041838,1.1699775280898874,0.09894714286269922
A. pennsylvanica,fitted,1.5,500,95.8,57.199999999999996,60.199999999999996,22.488442301587302,4.557580603581313,20.93779287543302,4.069269776339588,0.6406967,0.8147772,11.589633299120123,0.20698824133843707,0.7766112,5.884,0.40245958531251325,0.4543373429565641,0.08386632868037473,1.0216018,1.2163595505617977,0.10328835215242174
A. pennsylvanica,fitted,2.0,500,95.8,62.8,75.2,22.488442301587302,4.557580603581313,21.28741179730221,4.07146468117098,0.6406967,0.83502656,11.563812744908406,0.21557104309879724,0.7411177,5.52,0.4153045732816636,0.48031261224971583,0.07549702082895449,1.0101509,1.2688539325842696,0.19537089457728682
L. cornutus,fitted,0.0,500,88.2,54.400000000000006,1.0,25.54113896825397,1.939596503631069,24.91170611900865,1.6798623334479068,0.6623685,0.75534993,19.362320169710316,0.4713339767360957,0.33640292,10.31,0.4886712770724322,0.32041085217782805,0.07345820275531961,1.3878942,0.9680086114101183,0.3466472049722448
L. cornutus,fitted,0.03,500,88.2,57.4,5.6000000000000005,25.54113896825397,1.939596503631069,24.896049432708722,1.648516812891738,0.6623685,0.7653636,19.15855397931012,0.4865802422502156,0.34533548,9.796,0.5081441488316982,0.3260867734720611,0.07166625945586753,1.3589759,0.9443702906350915,0.3660454506876049
L. cornutus,fitted,0.06,500,88.2,60.4,19.0,25.54113896825397,1.939596503631069,24.82905316824156,1.5925161196829394,0.6623685,0.77274144,19.477551077202158,0.5184129414046649,0.3350867,9.208,0.5405614622316806,0.3395381783918451,0.06882212908406421,1.3850169,0.9277072120559741,0.30749090742732693
L. cornutus,fitted,0.09,500,88.2,64.0,34.2,25.54113896825397,1.939596503631069,24.731820389309203,1.544795482541361,0.6623685,0.75946397,19.45876175294813,0.546721623366768,0.34142086,8.442,0.573864535324976,0.35407078620378585,0.06736437561240946,1.3432777,0.9341657696447793,0.3010408163216477
L. cornutus,fitted,0.12,500,88.2,68.60000000000001,47.8,25.54113896825397,1.939596503631069,24.628159508371912,1.4785370584123287,0.6623685,0.75508714,19.304503440936898,0.5875988844163834,0.31926858,7.692,0.6129383866451514,0.3603710092560515,0.06270148515601277,1.2704422,0.9299031216361678,0.23107561181682784
L. cornutus,fitted,0.2,500,88.2,79.4,65.8,25.54113896825397,1.939596503631069,24.351574206259645,1.226247420868781,0.6623685,0.75130117,19.972387837595505,0.6594088029452558,0.25641495,6.226,0.682280957182141,0.3751717715026241,0.05836247410651369,1.1642128,0.9481162540365984,0.054923731552343626
L. cornutus,fitted,0.3,500,88.2,87.8,79.60000000000001,25.54113896825397,1.939596503631069,24.140643058652632,0.8632447059545942,0.6623685,0.76262015,19.902673664849196,0.7086017496476573,0.20661509,5.456,0.7279633879274441,0.390419629473519,0.056082789259429736,1.10531,0.9583207750269106,0.043296086279808195
L. cornutus,fitted,0.5,500,88.2,94.0,89.4,25.54113896825397,1.939596503631069,24.016721307380074,0.35022496660369107,0.6623685,0.80986845,19.385714362562922,0.7448579140365108,0.1439725,4.788,0.7648948910345875,0.4275636436719555,0.05804892672856845,1.0152427,0.9712378902045209,0.016626494440533518
L. cornutus,fitted,0.75,500,88.2,95.8,94.39999999999999,25.54113896825397,1.939596503631069,23.994938392549273,0.011911057584089975,0.6623685,0.8632928,18.816158442054466,0.7608644442953031,0.10941054,4.38,0.7866909172782933,0.4664068808772634,0.06230808621261071,1.000024,0.9726587728740581,0.011421801528469108
L. cornutus,fitted,1.0,500,88.2,97.0,96.6,25.54113896825397,1.939596503631069,23.997370857003553,0.05999788209043036,0.6623685,0.9072472,18.312677580317082,0.7704106549949881,0.08975044,4.054,0.8015997175493952,0.5054534065118915,0.06785233964210345,1.00277,0.9761463939720129,0.011137131487054343
L. cornutus,fitted,1.5,500,88.2,97.2,96.8,25.54113896825397,1.939596503631069,23.994343131938034,0.0086954581657458,0.6623685,0.95368165,17.656565041148284,0.7845258989047985,0.06798123,3.692,0.8237425484873568,0.5422032324705061,0.07880863072430944,1.0003924,0.9770505920344456,0.008225039060926347
L. cornutus,fitted,2.0,500,88.2,97.6,97.39999999999999,25.54113896825397,1.939596503631069,23.99503377683269,0.00782928537934836,0.6623685,0.97581035,17.192024912261424,0.796045415843003,0.055290665,3.508,0.8383521559348622,0.5897401842587096,0.08819286276798712,0.9989583,0.9800215285252959,0.006662755111267958
S. grossa,fitted,0.0,500,69.19999999999999,16.2,0.6,22.827979810189813,3.883052262806827,22.92959151148115,3.611087310660912,0.48264158,0.519896,17.01507062274798,0.11921562762484719,0.8547546,10.194,0.3172798348072417,0.2835853548666022,0.128773998207484,1.036352,1.0368,0.6973765588640125
S. grossa,fitted,0.03,500,69.19999999999999,16.6,2.8000000000000003,22.827979810189813,3.883052262806827,22.812512562057133,3.570766206042516,0.48264158,0.5197119,17.013921522937633,0.11784290771859936,0.84420764,10.25,0.3175452442757337,0.2931126429207736,0.13701244303299165,1.0298511,1.0355409836065574,0.5997256436849364
S. grossa,fitted,0.06,500,69.19999999999999,17.0,8.200000000000001,22.827979810189813,3.883052262806827,22.767227288201912,3.517280939584018,0.48264158,0.5182899,16.54434477386028,0.11789477890063439,0.83413565,10.242,0.31993998897810944,0.30071751513460526,0.14101782485161415,1.0199329,1.0415213114754096,0.409970149529552
S. grossa,fitted,0.09,500,69.19999999999999,21.4,13.4,22.827979810189813,3.883052262806827,22.718851960843924,3.440179578635389,0.48264158,0.51928014,16.250007875078726,0.12173921728716007,0.8279744,10.062,0.3242201368965852,0.30923480573614026,0.1331016158091351,1.0178516,1.0437245901639345,0.30925537141974024
S. grossa,fitted,0.12,500,69.19999999999999,24.4,17.2,22.827979810189813,3.883052262806827,22.65560392868584,3.3895561652636768,0.48264158,0.52215934,15.673667237964835,0.12700620447413682,0.8110427,9.952,0.3289003315005882,0.3121931950050911,0.12580615930722816,1.0307977,1.0427803278688523,0.2251642058362424
S. grossa,fitted,0.2,500,69.19999999999999,37.4,26.200000000000003,22.827979810189813,3.883052262806827,22.571730085311035,3.2506037094674483,0.48264158,0.5290564,14.29296285045103,0.14583750594739503,0.79143953,9.124,0.34384850397198496,0.3268797287712895,0.11688143700593608,1.0340021,1.0635540983606557,0.2493833560647701
S. grossa,fitted,0.3,500,69.19999999999999,44.4,31.6,22.827979810189813,3.883052262806827,22.463139125094163,3.1644548921428,0.48264158,0.54530686,14.006022522828468,0.167340054216939,0.7558745,8.824,0.36024241489814635,0.3288272117118387,0.10078433311010664,1.0282072,1.0654426229508196,0.18485996043471048
S. grossa,fitted,0.5,500,69.19999999999999,55.00000000000001,44.4,22.827979810189813,3.883052262806827,22.517769609562514,3.053415502419441,0.48264158,0.57942635,13.82495955167429,0.2011836718176186,0.72037154,8.034,0.38651158265370106,0.3432875241250352,0.0854958708989251,1.0147941,1.0780327868852457,0.1828537158491465
S. grossa,fitted,0.75,500,69.19999999999999,60.4,55.2,22.827979810189813,3.883052262806827,22.490315012639346,2.977354627132711,0.48264158,0.6162744,13.69733926518144,0.227307515064096,0.6802403,7.64,0.40767006626026814,0.3662808188008774,0.07231484119097331,1.0043219,1.0966032786885247,0.0763677452024661
S. grossa,fitted,1.0,500,69.19999999999999,63.4,59.8,22.827979810189813,3.883052262806827,22.498984554558167,2.954371794482548,0.48264158,0.65166354,13.64678884548092,0.24475128487610784,0.6561085,7.592,0.4222239825596185,0.3922917057660018,0.07303685744887883,1.0096773,1.116432786885246,0.07201777790694472
S. grossa,fitted,1.5,500,69.19999999999999,68.8,66.60000000000001,22.827979810189813,3.883052262806827,22.611219600867184,2.9714840458367027,0.48264158,0.7036821,13.667304460134545,0.2678616138484636,0.6221004,7.026,0.44403756036005515,0.4297507527937374,0.06993491914620263,1.0048177,1.1441311475409834,0.06302438364200497
S. grossa,fitted,2.0,500,69.19999999999999,71.8,68.60000000000001,22.827979810189813,3.883052262806827,22.867919157707682,2.8115297012139218,0.48264158,0.7480341,13.647240948470442,0.2829182715182123,0.6016785,6.664,0.45865465238008707,0.46116960734567203,0.07221340757437926,1.0010868,1.1759213114754097,0.06603952556406946
